id,rate_avg_kg_hr,rate_detected_kg_hr,plume_count,timestamp_min,timestamp_max,latitude,longitude,nearest_well_api,nearest_well_operator,operator_number,distance_to_nearest_well_km,total_wells_within_500m,operator_wells_within_500m,confidence_score,purchaser_names
CH4_1B2_250m_-103.32715_31.87135?bbox=-106.65&bbox=25.84&bbox=-93.51&bbox=36.5&datetime=2025-01-01T00%3A00%3A00Z%2F..&plume_gas=CH4,331.80139987566906,663.6,1,2025-08-29,2025-08-29,31.87135,-103.32715,301-34009,OXY USA WTP LP,630555,0.12,5,1,48.9,"[255104] ETC TEXAS P/L, LTD; [252017] ENERGY TRANSFER COMPANY"
CH4_1B2_250m_-103.85874_31.87300?bbox=-106.65&bbox=25.84&bbox=-93.51&bbox=36.5&datetime=2025-01-01T00%3A00%3A00Z%2F..&plume_gas=CH4,923.0056677539518,1153.76,7,2025-01-29,2025-08-27,31.873,-103.85874,389-676,SNOW OIL & GAS INC.,798635,0.33,1,1,76.7,NULL
CH4_1B2_250m_-103.86808_31.99350?bbox=-106.65&bbox=25.84&bbox=-93.51&bbox=36.5&datetime=2025-01-01T00%3A00%3A00Z%2F..&plume_gas=CH4,223.55277862518278,670.66,1,2025-08-27,2025-08-27,31.9935,-103.86808,301-31513,"WPX ENERGY PERMIAN, LLC",942623,0.25,4,4,79.2,"[101271] DELAWARE BASIN MIDSTREAM LLC; [211476] DELAWARE BASIN MIDSTREAM, LLC; [255104] ETC TEXAS P/L, LTD; [211538] DELAWARE G&P LLC; [558223] MEDALLION DELAWARE BASIN, LLC; [816097] STATELINE PROCESSING, LLC; [100883] ET GATHERING & PROCESSING LLC; [698769] REGENCY FIELD SERVICES LLC; [616195] NUEVO MIDSTREAM, LLC"
CH4_1B2_250m_-103.85843_31.91577?bbox=-106.65&bbox=25.84&bbox=-93.51&bbox=36.5&datetime=2025-01-01T00%3A00%3A00Z%2F..&plume_gas=CH4,166.59766350885224,416.49,2,2025-01-29,2025-08-27,31.91577,-103.85843,301-31839,MEWBOURNE OIL COMPANY,562560,0.32,1,1,77.7,"[211476] DELAWARE BASIN MIDSTREAM, LLC; [616195] NUEVO MIDSTREAM, LLC"
CH4_1B2_250m_-103.89468_31.86889?bbox=-106.65&bbox=25.84&bbox=-93.51&bbox=36.5&datetime=2025-01-01T00%3A00%3A00Z%2F..&plume_gas=CH4,138.5128833873574,415.54,1,2025-08-27,2025-08-27,31.86889,-103.89468,389-34315,BPX OPERATING COMPANY,85408,0.13,2,1,63.0,"[252017] ENERGY TRANSFER COMPANY; [85349] BP ENERGY CO.; [139683] CASTLETON COMMOD MERCH TRDG L.P.; [698769] REGENCY FIELD SERVICES LLC; [153428] CIMA ENERGY, LTD."
CH4_1B2_250m_-104.05251_31.91940?bbox=-106.65&bbox=25.84&bbox=-93.51&bbox=36.5&datetime=2025-01-01T00%3A00%3A00Z%2F..&plume_gas=CH4,137.87592292092702,275.75,3,2025-07-04,2025-08-27,31.9194,-104.05251,109-32380,"ANTELOPE ENERGY PARTNERS, LLC",101239,0.23,4,4,81.0,"[680260] PRODUCERS GAS GATHERING JV; [101271] DELAWARE BASIN MIDSTREAM LLC; [211476] DELAWARE BASIN MIDSTREAM, LLC"
CH4_1B2_250m_-103.86837_31.93784?bbox=-106.65&bbox=25.84&bbox=-93.51&bbox=36.5&datetime=2025-01-01T00%3A00%3A00Z%2F..&plume_gas=CH4,118.17979485157308,354.54,1,2025-08-27,2025-08-27,31.93784,-103.86837,301-32216,"WPX ENERGY PERMIAN, LLC",942623,0.44,2,1,41.2,"[211476] DELAWARE BASIN MIDSTREAM, LLC; [255104] ETC TEXAS P/L, LTD; [558223] MEDALLION DELAWARE BASIN, LLC; [211538] DELAWARE G&P LLC; [816097] STATELINE PROCESSING, LLC; [616195] NUEVO MIDSTREAM, LLC"
CH4_1B2_250m_-103.84623_31.89895?bbox=-106.65&bbox=25.84&bbox=-93.51&bbox=36.5&datetime=2025-01-01T00%3A00%3A00Z%2F..&plume_gas=CH4,88.53404562991983,354.14,1,2025-08-27,2025-08-27,31.89895,-103.84623,301-31198,"WPX ENERGY PERMIAN, LLC",942623,0.17,4,4,85.4,"[558223] MEDALLION DELAWARE BASIN, LLC; [148113] CHEVRON U. S. A. INC.; [509364] LOUIS DREYFUS ENERGY SERVICES LP; [144535] CHAPARRAL ENERGY, L.L.C."
CH4_1B2_250m_-103.95751_31.89095?bbox=-106.65&bbox=25.84&bbox=-93.51&bbox=36.5&datetime=2025-01-01T00%3A00%3A00Z%2F..&plume_gas=CH4,86.46484227828951,259.39,1,2025-08-27,2025-08-27,31.89095,-103.95751,389-38558,"JAMMIN RESOURCES, LLC",101971,0.18,4,1,47.2,NULL
CH4_1B2_250m_-104.06178_31.86691?bbox=-106.65&bbox=25.84&bbox=-93.51&bbox=36.5&datetime=2025-01-01T00%3A00%3A00Z%2F..&plume_gas=CH4,81.36748361471886,325.47,1,2025-08-27,2025-08-27,31.86691,-104.06178,109-32908,"ANTELOPE ENERGY PARTNERS, LLC",101239,0.13,1,1,90.7,NULL
CH4_1B2_250m_-104.06380_31.94318?bbox=-106.65&bbox=25.84&bbox=-93.51&bbox=36.5&datetime=2025-01-01T00%3A00%3A00Z%2F..&plume_gas=CH4,NULL,NULL,1,2025-08-27,2025-08-27,31.94318,-104.0638,109-31428,"ANTELOPE ENERGY PARTNERS, LLC",101239,0.03,6,3,65.8,"[844110] TEXACO INC.; [172230] CONOCO INC.; [616195] NUEVO MIDSTREAM, LLC; [250300] EL PASO NATURAL GAS COMPANY; [680260] PRODUCERS GAS GATHERING JV; [101271] DELAWARE BASIN MIDSTREAM LLC; [684592] QUAY VALLEY, INC.; [211476] DELAWARE BASIN MIDSTREAM, LLC"
CH4_1B2_250m_-99.22104_28.18256?bbox=-106.65&bbox=25.84&bbox=-93.51&bbox=36.5&datetime=2025-01-01T00%3A00%3A00Z%2F..&plume_gas=CH4,2503.888320266254,3755.83,2,2025-08-18,2025-08-25,28.18256,-99.22104,283-31017,"LEWIS PETRO PROPERTIES, INC.",499978,0.13,3,1,54.8,"[638155] PANHANDLE GAS COMPANY; [238360] EAGLE ENERGY DEVELOPMENT CO; [864440] TRANSCONTINENTAL GAS P.L. CORP.; [238684] EAGLE NATURAL GAS PIPELINE CORP.; [864444] TRANSCONTINENTAL GAS P.L. CO,LLC; [253368] ENTERPRISE PRODUCTS OPERATINGLLC; [404550] HOUSTON PIPE LINE COMPANY; [253329] ENTERPRISE HYDROCARBONS, L.P.; [142001] CERRITO PIPELINE MANAGEMENT, INC"
CH4_1B2_250m_-99.22733_28.19447?bbox=-106.65&bbox=25.84&bbox=-93.51&bbox=36.5&datetime=2025-01-01T00%3A00%3A00Z%2F..&plume_gas=CH4,681.5576522347031,1363.12,1,2025-08-25,2025-08-25,28.19447,-99.22733,283-30938,SILVER PINES ENERGY CORP.,781875,0.41,1,1,71.0,"[142001] CERRITO PIPELINE MANAGEMENT, INC; [638155] PANHANDLE GAS COMPANY; [238360] EAGLE ENERGY DEVELOPMENT CO; [864440] TRANSCONTINENTAL GAS P.L. CORP.; [223422] DORAN ENERGY CORPORATION; [404550] HOUSTON PIPE LINE COMPANY; [238684] EAGLE NATURAL GAS PIPELINE CORP."
CH4_1B2_250m_-103.51175_31.75743?bbox=-106.65&bbox=25.84&bbox=-93.51&bbox=36.5&datetime=2025-01-01T00%3A00%3A00Z%2F..&plume_gas=CH4,289.71096220749666,579.42,1,2025-08-22,2025-08-22,31.75743,-103.51175,301-34724,"CIRCLE-S ENERGY, LLC",100703,0.42,2,1,42.7,[211538] DELAWARE G&P LLC
CH4_1B2_250m_-103.63688_31.72377?bbox=-106.65&bbox=25.84&bbox=-93.51&bbox=36.5&datetime=2025-01-01T00%3A00%3A00Z%2F..&plume_gas=CH4,NULL,NULL,1,2025-08-22,2025-08-22,31.72377,-103.63688,301-33035,APACHE CORPORATION,27200,0.4,4,4,68.9,[252017] ENERGY TRANSFER COMPANY; [100883] ET GATHERING & PROCESSING LLC
CH4_1B2_250m_-103.17314_31.35084?bbox=-106.65&bbox=25.84&bbox=-93.51&bbox=36.5&datetime=2025-01-01T00%3A00%3A00Z%2F..&plume_gas=CH4,3850.5683188918965,19252.84,1,2025-08-15,2025-08-15,31.35084,-103.17314,389-33976,DIAMONDBACK E&P LLC,217012,0.26,1,1,81.6,"[238465] EAGLECLAW MIDSTREAM VENTURES,LLC"
CH4_1B2_250m_-103.09006_31.28421?bbox=-106.65&bbox=25.84&bbox=-93.51&bbox=36.5&datetime=2025-01-01T00%3A00%3A00Z%2F..&plume_gas=CH4,308.6473105713324,1543.24,1,2025-08-15,2025-08-15,31.28421,-103.09006,371-36425,"TRIUMPH EXPLORATION, INC.",871156,0.22,2,2,81.3,"[230721] DUKE ENERGY FLD SRVCS ASSETS LLC; [195918] DCP MIDSTREAM, LP; [230719] DUKE ENERGY FIELD SERVICES, LP; [230767] DUKE ENERGY FIELD SERVICES, INC.; [572550] MOBIL PRODUCING TX. & N.M. INC."
CH4_1B2_250m_-103.18066_31.56488?bbox=-106.65&bbox=25.84&bbox=-93.51&bbox=36.5&datetime=2025-01-01T00%3A00%3A00Z%2F..&plume_gas=CH4,187.15813687281616,748.63,1,2025-08-15,2025-08-15,31.56488,-103.18066,475-35660,"FLUX ENERGY, LLC",102069,0.16,5,5,86.0,[252017] ENERGY TRANSFER COMPANY; [698769] REGENCY FIELD SERVICES LLC; [836037] TARGA MIDSTREAM SERVICES LLC
CH4_1B2_250m_-101.77250_31.84477?bbox=-106.65&bbox=25.84&bbox=-93.51&bbox=36.5&datetime=2025-01-01T00%3A00%3A00Z%2F..&plume_gas=CH4,654.7630418960449,654.76,4,2025-01-01,2025-08-13,31.84477,-101.7725,173-31036,"OXYROCK OPERATING, LLC",102324,0.13,5,4,78.0,"[663680] PHILLIPS PETROLEUM COMPANY; [195918] DCP MIDSTREAM, LP; [102545] ENTERPRISE M B MIDSTREAM LLC; [252017] ENERGY TRANSFER COMPANY; [601188] NAVITAS MDSTR MIDLAND BASIN, LLC; [836041] TARGA PL MID-CONT WESTTEX LLC; [661637] PHILLIPS 66 NATURAL GAS COMPANY; [319471] GPM GAS CORPORATION; [100348] ENT NAVITAS MDSTRM MDLND BAS LLC"
CH4_1B2_250m_-101.67727_31.83412?bbox=-106.65&bbox=25.84&bbox=-93.51&bbox=36.5&datetime=2025-01-01T00%3A00%3A00Z%2F..&plume_gas=CH4,386.3745878548331,386.37,3,2025-04-30,2025-08-13,31.83412,-101.67727,173-35892,DIAMONDBACK E&P LLC,217012,0.46,1,1,67.9,"[36586] ATLAS PL MID-CONT. WESTTEX, LLC; [252017] ENERGY TRANSFER COMPANY; [836041] TARGA PL MID-CONT WESTTEX LLC"
CH4_1B2_250m_-101.77634_31.90913?bbox=-106.65&bbox=25.84&bbox=-93.51&bbox=36.5&datetime=2025-01-01T00%3A00%3A00Z%2F..&plume_gas=CH4,174.325732392883,261.49,2,2025-07-30,2025-08-13,31.90913,-101.77634,329-40447,"CIVITAS PERMIAN OPERATING, LLC",101577,0.13,17,16,77.8,"[601188] NAVITAS MDSTR MIDLAND BASIN, LLC; [253368] ENTERPRISE PRODUCTS OPERATINGLLC; [100348] ENT NAVITAS MDSTRM MDLND BAS LLC"
CH4_1B2_250m_-101.78864_31.73287?bbox=-106.65&bbox=25.84&bbox=-93.51&bbox=36.5&datetime=2025-01-01T00%3A00%3A00Z%2F..&plume_gas=CH4,123.39515817819964,123.4,4,2025-01-01,2025-08-13,31.73287,-101.78864,329-32572,"PIONEER NATURAL RES. USA, INC.",665748,0.45,2,1,40.5,"[913450] WGR, INC.; [572390] MOBIL NATURAL GAS INC.; [36586] ATLAS PL MID-CONT. WESTTEX, LLC"
CH4_1B2_250m_-101.73296_31.89715?bbox=-106.65&bbox=25.84&bbox=-93.51&bbox=36.5&datetime=2025-01-01T00%3A00%3A00Z%2F..&plume_gas=CH4,121.87592050292695,182.81,2,2025-07-30,2025-08-13,31.89715,-101.73296,173-35978,"PIONEER NATURAL RES. USA, INC.",665748,0.39,3,2,53.4,"[836041] TARGA PL MID-CONT WESTTEX LLC; [36586] ATLAS PL MID-CONT. WESTTEX, LLC"
CH4_1B2_250m_-101.68937_31.83237?bbox=-106.65&bbox=25.84&bbox=-93.51&bbox=36.5&datetime=2025-01-01T00%3A00%3A00Z%2F..&plume_gas=CH4,82.20426847365998,246.61,1,2025-08-13,2025-08-13,31.83237,-101.68937,173-35557,DIAMONDBACK E&P LLC,217012,0.34,1,1,76.2,"[836041] TARGA PL MID-CONT WESTTEX LLC; [36586] ATLAS PL MID-CONT. WESTTEX, LLC"
CH4_1B2_250m_-101.80144_31.85474?bbox=-106.65&bbox=25.84&bbox=-93.51&bbox=36.5&datetime=2025-01-01T00%3A00%3A00Z%2F..&plume_gas=CH4,54.71093071202303,218.84,1,2025-08-13,2025-08-13,31.85474,-101.80144,329-1293,"WESTERN DISPOSAL SYSTEMS, INC.",911878,0.17,1,1,88.0,NULL
CH4_1B2_250m_-101.75875_31.77372?bbox=-106.65&bbox=25.84&bbox=-93.51&bbox=36.5&datetime=2025-01-01T00%3A00%3A00Z%2F..&plume_gas=CH4,39.76012413279782,119.28,1,2025-08-13,2025-08-13,31.77372,-101.75875,173-35253,"CIVITAS PERMIAN OPERATING, LLC",101577,0.41,17,1,14.1,"[913450] WGR, INC.; [36586] ATLAS PL MID-CONT. WESTTEX, LLC; [836041] TARGA PL MID-CONT WESTTEX LLC"
CH4_1B2_250m_-101.70091_31.89023?bbox=-106.65&bbox=25.84&bbox=-93.51&bbox=36.5&datetime=2025-01-01T00%3A00%3A00Z%2F..&plume_gas=CH4,NULL,NULL,2,2025-07-30,2025-08-13,31.89023,-101.70091,173-36480,"PIONEER NATURAL RES. USA, INC.",665748,0.38,2,2,70.5,"[836041] TARGA PL MID-CONT WESTTEX LLC; [36586] ATLAS PL MID-CONT. WESTTEX, LLC"
CH4_1B2_250m_-101.76504_31.85835?bbox=-106.65&bbox=25.84&bbox=-93.51&bbox=36.5&datetime=2025-01-01T00%3A00%3A00Z%2F..&plume_gas=CH4,NULL,NULL,3,2025-01-01,2025-08-13,31.85835,-101.76504,173-31996,"JM COX RESOURCES, L.P.",433075,0.1,4,2,65.0,"[913450] WGR, INC.; [36586] ATLAS PL MID-CONT. WESTTEX, LLC; [836041] TARGA PL MID-CONT WESTTEX LLC; [250300] EL PASO NATURAL GAS COMPANY; [911905] WESTERN GAS PROCESSORS, LTD."
CH4_1B2_250m_-101.76605_31.85491?bbox=-106.65&bbox=25.84&bbox=-93.51&bbox=36.5&datetime=2025-01-01T00%3A00%3A00Z%2F..&plume_gas=CH4,NULL,NULL,2,2025-07-30,2025-08-13,31.85491,-101.76605,173-30981,"JM COX RESOURCES, L.P.",433075,0.2,5,2,53.2,"[913450] WGR, INC.; [36586] ATLAS PL MID-CONT. WESTTEX, LLC; [836041] TARGA PL MID-CONT WESTTEX LLC; [250300] EL PASO NATURAL GAS COMPANY; [911905] WESTERN GAS PROCESSORS, LTD."
CH4_1B2_250m_-103.11313_31.29373?bbox=-106.65&bbox=25.84&bbox=-93.51&bbox=36.5&datetime=2025-01-01T00%3A00%3A00Z%2F..&plume_gas=CH4,530.015076212749,1060.03,2,2025-06-20,2025-08-08,31.29373,-103.11313,389-32324,"WWM OPERATING, LLC",945289,0.2,2,2,82.8,NULL
CH4_1B2_250m_-103.21905_31.43250?bbox=-106.65&bbox=25.84&bbox=-93.51&bbox=36.5&datetime=2025-01-01T00%3A00%3A00Z%2F..&plume_gas=CH4,401.1217012926364,401.12,4,2025-03-07,2025-08-08,31.4325,-103.21905,475-36820,"VITAL ENERGY, INC.",100951,0.04,7,7,89.9,"[836039] TARGA PERMIAN LP; [744276] SALT CREEK MIDSTREAM, LLC; [836037] TARGA MIDSTREAM SERVICES LLC"
CH4_1B2_250m_-103.16757_31.33918?bbox=-106.65&bbox=25.84&bbox=-93.51&bbox=36.5&datetime=2025-01-01T00%3A00%3A00Z%2F..&plume_gas=CH4,389.2241501588462,778.45,2,2025-06-20,2025-08-08,31.33918,-103.16757,389-39961,DIAMONDBACK E&P LLC,217012,0.28,2,2,77.5,"[238465] EAGLECLAW MIDSTREAM VENTURES,LLC"
CH4_1B2_250m_-103.16094_31.42632?bbox=-106.65&bbox=25.84&bbox=-93.51&bbox=36.5&datetime=2025-01-01T00%3A00%3A00Z%2F..&plume_gas=CH4,249.60104804219807,249.6,4,2025-03-07,2025-08-08,31.42632,-103.16094,475-37147,DIAMONDBACK E&P LLC,217012,0.33,8,8,69.8,[252017] ENERGY TRANSFER COMPANY
CH4_1B2_250m_-103.20421_31.18537?bbox=-106.65&bbox=25.84&bbox=-93.51&bbox=36.5&datetime=2025-01-01T00%3A00%3A00Z%2F..&plume_gas=CH4,209.79810660953595,629.39,1,2025-08-08,2025-08-08,31.18537,-103.20421,389-34741,DIAMONDBACK E&P LLC,217012,0.05,6,6,89.6,"[89903] BRAZOS MIDSTREAM OPERATING, LLC; [252017] ENERGY TRANSFER COMPANY"
CH4_1B2_250m_-103.19741_31.28477?bbox=-106.65&bbox=25.84&bbox=-93.51&bbox=36.5&datetime=2025-01-01T00%3A00%3A00Z%2F..&plume_gas=CH4,207.2621971031232,414.52,2,2025-04-16,2025-08-08,31.28477,-103.19741,389-34289,"VTX ENERGY OPERATING, LLC",101377,0.51,1,1,65.0,"[252017] ENERGY TRANSFER COMPANY; [255104] ETC TEXAS P/L, LTD; [698769] REGENCY FIELD SERVICES LLC; [100883] ET GATHERING & PROCESSING LLC"
CH4_1B2_250m_-103.14089_31.30446?bbox=-106.65&bbox=25.84&bbox=-93.51&bbox=36.5&datetime=2025-01-01T00%3A00%3A00Z%2F..&plume_gas=CH4,143.68604230786352,431.06,1,2025-08-08,2025-08-08,31.30446,-103.14089,389-30199,"JETTA OPERATING COMPANY, INC.",432283,0.37,2,2,71.3,"[898000] WARREN PETROLEUM COMPANY; [836033] TARGA MIDSTREAM SERVICES LP; [897999] WARREN PETROLEUM COMPANY, LP; [237948] DYNEGY MIDSTREAM SERVICES, LP; [836037] TARGA MIDSTREAM SERVICES LLC"
CH4_1B2_250m_-103.23834_31.29159?bbox=-106.65&bbox=25.84&bbox=-93.51&bbox=36.5&datetime=2025-01-01T00%3A00%3A00Z%2F..&plume_gas=CH4,99.47246232519294,397.89,1,2025-08-08,2025-08-08,31.29159,-103.23834,389-34689,"VTX ENERGY OPERATING, LLC",101377,0.23,5,5,80.6,"[252017] ENERGY TRANSFER COMPANY; [255104] ETC TEXAS P/L, LTD; [100883] ET GATHERING & PROCESSING LLC"
CH4_1B2_250m_-101.82003_32.32707?bbox=-106.65&bbox=25.84&bbox=-93.51&bbox=36.5&datetime=2025-01-01T00%3A00%3A00Z%2F..&plume_gas=CH4,667.0305831724816,667.03,2,2025-01-01,2025-08-06,32.32707,-101.82003,317-42332,XTO ENERGY INC.,945936,0.39,8,5,47.1,"[945227] WTG GAS PROCESSING, L.P.; [252017] ENERGY TRANSFER COMPANY"
CH4_1B2_250m_-101.74440_32.39368?bbox=-106.65&bbox=25.84&bbox=-93.51&bbox=36.5&datetime=2025-01-01T00%3A00%3A00Z%2F..&plume_gas=CH4,482.64346535238104,482.64,1,2025-08-06,2025-08-06,32.39368,-101.7444,317-36774,DIAMONDBACK E&P LLC,217012,0.23,4,3,68.4,"[945227] WTG GAS PROCESSING, L.P.; [102487] ETC GAS PROCESSING, LLC"
CH4_1B2_250m_-101.83587_32.29799?bbox=-106.65&bbox=25.84&bbox=-93.51&bbox=36.5&datetime=2025-01-01T00%3A00%3A00Z%2F..&plume_gas=CH4,347.52688878723967,695.05,1,2025-08-06,2025-08-06,32.29799,-101.83587,317-35984,SCOUT ENERGY MANAGEMENT LLC,760218,0.23,4,4,81.2,"[945227] WTG GAS PROCESSING, L.P.; [102508] ETC SOUTH PERMIAN MIDSTREAM LLC; [945219] WTG SOUTH PERMIAN MIDSTREAM LLC"
CH4_1B2_250m_-101.79083_32.37585?bbox=-106.65&bbox=25.84&bbox=-93.51&bbox=36.5&datetime=2025-01-01T00%3A00%3A00Z%2F..&plume_gas=CH4,330.41529128202285,330.42,1,2025-08-06,2025-08-06,32.37585,-101.79083,317-32260,R K PETROLEUM CORP.,687130,0.18,4,1,46.6,NULL
CH4_1B2_250m_-101.89001_32.21219?bbox=-106.65&bbox=25.84&bbox=-93.51&bbox=36.5&datetime=2025-01-01T00%3A00%3A00Z%2F..&plume_gas=CH4,269.04141608776223,807.12,1,2025-08-06,2025-08-06,32.21219,-101.89001,317-37566,SCOUT ENERGY MANAGEMENT LLC,760218,0.05,3,2,76.5,"[100224] WTG GAS PROCESSING, LLC; [195959] DCP OPERATING COMPANY, LP; [945227] WTG GAS PROCESSING, L.P.; [102487] ETC GAS PROCESSING, LLC"
CH4_1B2_250m_-101.88794_32.11312?bbox=-106.65&bbox=25.84&bbox=-93.51&bbox=36.5&datetime=2025-01-01T00%3A00%3A00Z%2F..&plume_gas=CH4,160.74764444424054,642.99,1,2025-08-06,2025-08-06,32.11312,-101.88794,317-44246,"CUTBOW OPERATING, LLC",195763,0.37,8,6,54.6,[665643] PINNACLE DOS PICOS LLC
CH4_1B2_250m_-101.85536_32.25057?bbox=-106.65&bbox=25.84&bbox=-93.51&bbox=36.5&datetime=2025-01-01T00%3A00%3A00Z%2F..&plume_gas=CH4,91.4373653292498,274.31,1,2025-08-06,2025-08-06,32.25057,-101.85536,317-35474,DIAMONDBACK E&P LLC,217012,0.26,3,2,61.8,"[102487] ETC GAS PROCESSING, LLC; [945227] WTG GAS PROCESSING, L.P.; [100224] WTG GAS PROCESSING, LLC"
CH4_1B2_250m_-101.82429_32.09083?bbox=-106.65&bbox=25.84&bbox=-93.51&bbox=36.5&datetime=2025-01-01T00%3A00%3A00Z%2F..&plume_gas=CH4,74.51507006837366,298.06,1,2025-08-06,2025-08-06,32.09083,-101.82429,317-33933,"PIONEER NATURAL RES. USA, INC.",665748,0.27,2,1,53.1,"[913450] WGR, INC.; [663680] PHILLIPS PETROLEUM COMPANY; [36586] ATLAS PL MID-CONT. WESTTEX, LLC; [836041] TARGA PL MID-CONT WESTTEX LLC; [319471] GPM GAS CORPORATION; [661637] PHILLIPS 66 NATURAL GAS COMPANY"
CH4_1B2_250m_-102.73473_31.67837?bbox=-106.65&bbox=25.84&bbox=-93.51&bbox=36.5&datetime=2025-01-01T00%3A00%3A00Z%2F..&plume_gas=CH4,69.12680670455936,276.51,1,2025-08-01,2025-08-01,31.67837,-102.73473,135-38470,"AGHORN OPERATING, INC.",8716,0.07,6,6,88.4,"[698769] REGENCY FIELD SERVICES LLC; [709220] RICHARDSON, SID ENERGY SERV. CO.; [805477] SOUTHERN UNION GAS SERVICES, LTD; [252017] ENERGY TRANSFER COMPANY"
CH4_1B2_250m_-101.78398_31.83256?bbox=-106.65&bbox=25.84&bbox=-93.51&bbox=36.5&datetime=2025-01-01T00%3A00%3A00Z%2F..&plume_gas=CH4,1669.8330622825442,1669.83,2,2025-04-30,2025-07-30,31.83256,-101.78398,329-32064,"PIONEER NATURAL RES. USA, INC.",665748,0.29,2,2,76.9,"[319471] GPM GAS CORPORATION; [319468] GPM GAS COMPANY, LLC; [661637] PHILLIPS 66 NATURAL GAS COMPANY; [230719] DUKE ENERGY FIELD SERVICES, LP; [195918] DCP MIDSTREAM, LP"
CH4_1B2_250m_-101.72456_31.74471?bbox=-106.65&bbox=25.84&bbox=-93.51&bbox=36.5&datetime=2025-01-01T00%3A00%3A00Z%2F..&plume_gas=CH4,316.032031192094,316.03,2,2025-04-30,2025-07-30,31.74471,-101.72456,173-38098,"CIVITAS PERMIAN OPERATING, LLC",101577,0.17,10,7,66.0,"[100348] ENT NAVITAS MDSTRM MDLND BAS LLC; [601188] NAVITAS MDSTR MIDLAND BASIN, LLC"
CH4_1B2_250m_-101.79725_31.91430?bbox=-106.65&bbox=25.84&bbox=-93.51&bbox=36.5&datetime=2025-01-01T00%3A00%3A00Z%2F..&plume_gas=CH4,255.1505392463003,1020.6,1,2025-07-30,2025-07-30,31.9143,-101.79725,329-33567,"PIONEER NATURAL RES. USA, INC.",665748,0.28,3,3,77.5,"[230719] DUKE ENERGY FIELD SERVICES, LP; [195959] DCP OPERATING COMPANY, LP; [663680] PHILLIPS PETROLEUM COMPANY; [195918] DCP MIDSTREAM, LP; [319471] GPM GAS CORPORATION; [319468] GPM GAS COMPANY, LLC; [661637] PHILLIPS 66 NATURAL GAS COMPANY"
CH4_1B2_250m_-101.76864_31.64940?bbox=-106.65&bbox=25.84&bbox=-93.51&bbox=36.5&datetime=2025-01-01T00%3A00%3A00Z%2F..&plume_gas=CH4,218.26675152022517,436.53,1,2025-07-30,2025-07-30,31.6494,-101.76864,383-34610,"PIONEER NATURAL RES. USA, INC.",665748,0.17,4,3,72.3,"[877066] UNION TEXAS PRODUCTS CORPORATION; [230719] DUKE ENERGY FIELD SERVICES, LP; [945227] WTG GAS PROCESSING, L.P.; [36586] ATLAS PL MID-CONT. WESTTEX, LLC; [102508] ETC SOUTH PERMIAN MIDSTREAM LLC; [913450] WGR, INC.; [663680] PHILLIPS PETROLEUM COMPANY; [877060] UNION TEXAS PETROLEUM CORP.; [195918] DCP MIDSTREAM, LP; [319471] GPM GAS CORPORATION; [319468] GPM GAS COMPANY, LLC; [945219] WTG SOUTH PERMIAN MIDSTREAM LLC; [250300] EL PASO NATURAL GAS COMPANY; [661637] PHILLIPS 66 NATURAL GAS COMPANY; [911905] WESTERN GAS PROCESSORS, LTD.; [836041] TARGA PL MID-CONT WESTTEX LLC; [945218] WTG NORTH PERMIAN MIDSTREAM LLC"
CH4_1B2_250m_-101.72797_31.94149?bbox=-106.65&bbox=25.84&bbox=-93.51&bbox=36.5&datetime=2025-01-01T00%3A00%3A00Z%2F..&plume_gas=CH4,171.37690557859275,342.75,1,2025-07-30,2025-07-30,31.94149,-101.72797,173-33526,XTO ENERGY INC.,945936,0.38,8,7,60.4,"[36586] ATLAS PL MID-CONT. WESTTEX, LLC; [36584] ATLAS PIPELINE MID-CONTINENT LLC; [252017] ENERGY TRANSFER COMPANY; [836041] TARGA PL MID-CONT WESTTEX LLC"
CH4_1B2_250m_-101.74676_31.94553?bbox=-106.65&bbox=25.84&bbox=-93.51&bbox=36.5&datetime=2025-01-01T00%3A00%3A00Z%2F..&plume_gas=CH4,165.99500761725173,331.99,1,2025-07-30,2025-07-30,31.94553,-101.74676,173-33614,XTO ENERGY INC.,945936,0.46,1,1,68.0,"[36586] ATLAS PL MID-CONT. WESTTEX, LLC; [36584] ATLAS PIPELINE MID-CONTINENT LLC; [836041] TARGA PL MID-CONT WESTTEX LLC; [252017] ENERGY TRANSFER COMPANY"
CH4_1B2_250m_-101.79967_31.73861?bbox=-106.65&bbox=25.84&bbox=-93.51&bbox=36.5&datetime=2025-01-01T00%3A00%3A00Z%2F..&plume_gas=CH4,NULL,NULL,1,2025-07-30,2025-07-30,31.73861,-101.79967,329-35386,"PIONEER NATURAL RES. USA, INC.",665748,0.15,3,3,86.6,"[36586] ATLAS PL MID-CONT. WESTTEX, LLC; [913450] WGR, INC.; [836041] TARGA PL MID-CONT WESTTEX LLC"
CH4_1B2_250m_-101.74906_31.85215?bbox=-106.65&bbox=25.84&bbox=-93.51&bbox=36.5&datetime=2025-01-01T00%3A00%3A00Z%2F..&plume_gas=CH4,NULL,NULL,1,2025-07-30,2025-07-30,31.85215,-101.74906,173-31492,"PIONEER NATURAL RES. USA, INC.",665748,0.06,19,1,38.4,"[230719] DUKE ENERGY FIELD SERVICES, LP; [36586] ATLAS PL MID-CONT. WESTTEX, LLC; [913450] WGR, INC.; [836041] TARGA PL MID-CONT WESTTEX LLC"
CH4_6A_500m_-95.19135_29.42478?bbox=-106.65&bbox=25.84&bbox=-93.51&bbox=36.5&datetime=2025-01-01T00%3A00%3A00Z%2F..&plume_gas=CH4,1759.2884936048388,1759.29,1,2025-07-29,2025-07-29,29.42478,-95.19135,167-2072,"SUPERIOR OIL COMPANY, THE",830280,0.36,1,1,74.9,[273995] FLORIDA GAS TRANSMISSION COMPANY
CH4_1B2_250m_-102.02808_31.79504?bbox=-106.65&bbox=25.84&bbox=-93.51&bbox=36.5&datetime=2025-01-01T00%3A00%3A00Z%2F..&plume_gas=CH4,426.56535919255504,639.85,2,2025-05-21,2025-07-23,31.79504,-102.02808,329-35111,DIAMONDBACK E&P LLC,217012,0.39,1,1,72.6,"[836041] TARGA PL MID-CONT WESTTEX LLC; [36586] ATLAS PL MID-CONT. WESTTEX, LLC; [913450] WGR, INC.; [148113] CHEVRON U. S. A. INC."
CH4_1B2_250m_-101.97001_31.72243?bbox=-106.65&bbox=25.84&bbox=-93.51&bbox=36.5&datetime=2025-01-01T00%3A00%3A00Z%2F..&plume_gas=CH4,291.4690128463029,291.47,2,2025-05-21,2025-07-23,31.72243,-101.97001,329-35082,DIAMONDBACK E&P LLC,217012,0.11,22,4,41.3,[148113] CHEVRON U. S. A. INC.
CH4_1B2_250m_-101.87377_31.88407?bbox=-106.65&bbox=25.84&bbox=-93.51&bbox=36.5&datetime=2025-01-01T00%3A00%3A00Z%2F..&plume_gas=CH4,261.77351576212874,785.32,1,2025-07-23,2025-07-23,31.88407,-101.87377,329-33172,DIAMONDBACK E&P LLC,217012,0.36,2,1,46.5,"[319471] GPM GAS CORPORATION; [319468] GPM GAS COMPANY, LLC; [250300] EL PASO NATURAL GAS COMPANY; [230719] DUKE ENERGY FIELD SERVICES, LP; [195959] DCP OPERATING COMPANY, LP; [913450] WGR, INC.; [195918] DCP MIDSTREAM, LP"
CH4_1B2_250m_-101.86959_31.91082?bbox=-106.65&bbox=25.84&bbox=-93.51&bbox=36.5&datetime=2025-01-01T00%3A00%3A00Z%2F..&plume_gas=CH4,209.12189352314746,627.37,1,2025-07-23,2025-07-23,31.91082,-101.86959,329-40544,"OXYROCK OPERATING, LLC",102324,0.09,32,32,84.0,"[100348] ENT NAVITAS MDSTRM MDLND BAS LLC; [252017] ENERGY TRANSFER COMPANY; [601188] NAVITAS MDSTR MIDLAND BASIN, LLC; [253368] ENTERPRISE PRODUCTS OPERATINGLLC; [836041] TARGA PL MID-CONT WESTTEX LLC; [102508] ETC SOUTH PERMIAN MIDSTREAM LLC; [836037] TARGA MIDSTREAM SERVICES LLC"
CH4_1B2_250m_-102.04166_31.73174?bbox=-106.65&bbox=25.84&bbox=-93.51&bbox=36.5&datetime=2025-01-01T00%3A00%3A00Z%2F..&plume_gas=CH4,180.65733296779783,541.97,1,2025-07-23,2025-07-23,31.73174,-102.04166,329-35627,DIAMONDBACK E&P LLC,217012,0.35,2,2,72.4,"[230719] DUKE ENERGY FIELD SERVICES, LP; [148113] CHEVRON U. S. A. INC.; [195918] DCP MIDSTREAM, LP; [836041] TARGA PL MID-CONT WESTTEX LLC"
CH4_1B2_250m_-101.93254_31.91034?bbox=-106.65&bbox=25.84&bbox=-93.51&bbox=36.5&datetime=2025-01-01T00%3A00%3A00Z%2F..&plume_gas=CH4,109.5341331319023,328.6,1,2025-07-23,2025-07-23,31.91034,-101.93254,329-1346,"BURLESON PETROLEUM, INC.",109255,0.1,2,1,65.2,"[195918] DCP MIDSTREAM, LP; [195959] DCP OPERATING COMPANY, LP"
CH4_1B2_250m_-101.90970_31.89876?bbox=-106.65&bbox=25.84&bbox=-93.51&bbox=36.5&datetime=2025-01-01T00%3A00%3A00Z%2F..&plume_gas=CH4,NULL,NULL,1,2025-07-23,2025-07-23,31.89876,-101.9097,329-37189,"PIONEER NATURAL RES. USA, INC.",665748,0.32,3,3,74.9,"[836044] TARGA PIPELINE MID-CONTINENT LLC; [36586] ATLAS PL MID-CONT. WESTTEX, LLC"
CH4_1B2_250m_-101.98131_32.26513?bbox=-106.65&bbox=25.84&bbox=-93.51&bbox=36.5&datetime=2025-01-01T00%3A00%3A00Z%2F..&plume_gas=CH4,1531.7245426261816,1531.72,1,2025-07-16,2025-07-16,32.26513,-101.98131,317-40729,"PIONEER NATURAL RES. USA, INC.",665748,0.27,1,1,81.0,"[230719] DUKE ENERGY FIELD SERVICES, LP; [102493] ETC NORTH PERMIAN MIDSTREAM LLC; [195959] DCP OPERATING COMPANY, LP; [663680] PHILLIPS PETROLEUM COMPANY; [195918] DCP MIDSTREAM, LP; [319471] GPM GAS CORPORATION; [319468] GPM GAS COMPANY, LLC; [661637] PHILLIPS 66 NATURAL GAS COMPANY; [945218] WTG NORTH PERMIAN MIDSTREAM LLC"
CH4_1B2_250m_-102.11381_32.10187?bbox=-106.65&bbox=25.84&bbox=-93.51&bbox=36.5&datetime=2025-01-01T00%3A00%3A00Z%2F..&plume_gas=CH4,832.5764051308032,832.58,1,2025-07-16,2025-07-16,32.10187,-102.11381,317-38551,OCCIDENTAL PERMIAN LTD.,617544,0.31,10,10,71.1,"[910285] WEST TEXAS GAS, INC.; [179361] CORONADO MIDSTREAM LLC"
CH4_1B2_250m_-102.00725_32.26034?bbox=-106.65&bbox=25.84&bbox=-93.51&bbox=36.5&datetime=2025-01-01T00%3A00%3A00Z%2F..&plume_gas=CH4,701.299472691021,701.3,1,2025-07-16,2025-07-16,32.26034,-102.00725,317-36045,"PIONEER NATURAL RES. USA, INC.",665748,0.33,17,1,19.8,"[945218] WTG NORTH PERMIAN MIDSTREAM LLC; [945227] WTG GAS PROCESSING, L.P.; [102493] ETC NORTH PERMIAN MIDSTREAM LLC"
CH4_1B2_250m_-102.16586_31.83579?bbox=-106.65&bbox=25.84&bbox=-93.51&bbox=36.5&datetime=2025-01-01T00%3A00%3A00Z%2F..&plume_gas=CH4,NULL,NULL,1,2025-07-16,2025-07-16,31.83579,-102.16586,329-36670,COG OPERATING LLC,166150,0.27,3,3,77.8,"[195918] DCP MIDSTREAM, LP; [179361] CORONADO MIDSTREAM LLC; [252017] ENERGY TRANSFER COMPANY"
CH4_1B2_250m_-102.08141_31.69970?bbox=-106.65&bbox=25.84&bbox=-93.51&bbox=36.5&datetime=2025-01-01T00%3A00%3A00Z%2F..&plume_gas=CH4,NULL,NULL,1,2025-07-16,2025-07-16,31.6997,-102.08141,329-41583,OVINTIV USA INC.,628658,0.17,27,26,76.6,[252017] ENERGY TRANSFER COMPANY
CH4_1B2_250m_-103.70561_31.98151?bbox=-106.65&bbox=25.84&bbox=-93.51&bbox=36.5&datetime=2025-01-01T00%3A00%3A00Z%2F..&plume_gas=CH4,340.58247676644845,454.11,3,2025-01-29,2025-07-11,31.98151,-103.70561,301-35305,"NGL WATER SOLUTIONS PERMIAN, LLC",609265,0.49,2,1,38.0,NULL
CH4_1B2_250m_-103.78826_31.78059?bbox=-106.65&bbox=25.84&bbox=-93.51&bbox=36.5&datetime=2025-01-01T00%3A00%3A00Z%2F..&plume_gas=CH4,203.97845192131172,407.96,1,2025-07-11,2025-07-11,31.78059,-103.78826,301-32244,SHELL WESTERN E&P,774719,0.03,2,2,94.8,"[773822] SHELL ENERGY NORTH AM. (US), LP"
CH4_1B2_250m_-101.84139_32.30381?bbox=-106.65&bbox=25.84&bbox=-93.51&bbox=36.5&datetime=2025-01-01T00%3A00%3A00Z%2F..&plume_gas=CH4,538.535843111125,1077.07,1,2025-07-09,2025-07-09,32.30381,-101.84139,317-37546,SCOUT ENERGY MANAGEMENT LLC,760218,0.1,6,6,86.0,"[945227] WTG GAS PROCESSING, L.P."
CH4_1B2_250m_-101.88574_31.93886?bbox=-106.65&bbox=25.84&bbox=-93.51&bbox=36.5&datetime=2025-01-01T00%3A00%3A00Z%2F..&plume_gas=CH4,332.22933624106815,996.69,1,2025-07-09,2025-07-09,31.93886,-101.88574,329-37305,"PIONEER NATURAL RES. USA, INC.",665748,0.19,7,6,72.7,"[836041] TARGA PL MID-CONT WESTTEX LLC; [250300] EL PASO NATURAL GAS COMPANY; [913450] WGR, INC.; [36586] ATLAS PL MID-CONT. WESTTEX, LLC"
CH4_1B2_250m_-101.82816_32.26433?bbox=-106.65&bbox=25.84&bbox=-93.51&bbox=36.5&datetime=2025-01-01T00%3A00%3A00Z%2F..&plume_gas=CH4,186.988609832753,373.98,2,2025-06-25,2025-07-09,32.26433,-101.82816,317-34399,DIAMONDBACK E&P LLC,217012,0.25,4,2,54.7,"[195918] DCP MIDSTREAM, LP; [102487] ETC GAS PROCESSING, LLC; [230719] DUKE ENERGY FIELD SERVICES, LP; [945227] WTG GAS PROCESSING, L.P.; [100224] WTG GAS PROCESSING, LLC"
CH4_1B2_250m_-101.90452_32.24152?bbox=-106.65&bbox=25.84&bbox=-93.51&bbox=36.5&datetime=2025-01-01T00%3A00%3A00Z%2F..&plume_gas=CH4,134.6801830775783,538.72,1,2025-07-09,2025-07-09,32.24152,-101.90452,317-41281,"PIONEER NATURAL RES. USA, INC.",665748,0.32,5,5,74.5,"[945218] WTG NORTH PERMIAN MIDSTREAM LLC; [945227] WTG GAS PROCESSING, L.P.; [102493] ETC NORTH PERMIAN MIDSTREAM LLC"
CH4_1B2_250m_-101.72898_32.17965?bbox=-106.65&bbox=25.84&bbox=-93.51&bbox=36.5&datetime=2025-01-01T00%3A00%3A00Z%2F..&plume_gas=CH4,100.74222934846054,201.48,1,2025-07-09,2025-07-09,32.17965,-101.72898,317-33167,"PIONEER NATURAL RES. USA, INC.",665748,0.23,2,1,55.7,"[195959] DCP OPERATING COMPANY, LP; [230719] DUKE ENERGY FIELD SERVICES, LP; [102493] ETC NORTH PERMIAN MIDSTREAM LLC; [663680] PHILLIPS PETROLEUM COMPANY; [195918] DCP MIDSTREAM, LP; [661637] PHILLIPS 66 NATURAL GAS COMPANY; [319471] GPM GAS CORPORATION; [319468] GPM GAS COMPANY, LLC; [945218] WTG NORTH PERMIAN MIDSTREAM LLC"
CH4_1B2_250m_-101.86902_31.97491?bbox=-106.65&bbox=25.84&bbox=-93.51&bbox=36.5&datetime=2025-01-01T00%3A00%3A00Z%2F..&plume_gas=CH4,100.59754235916746,301.79,1,2025-07-09,2025-07-09,31.97491,-101.86902,329-34786,"PIONEER NATURAL RES. USA, INC.",665748,0.11,17,2,38.2,"[195918] DCP MIDSTREAM, LP; [648965] PECOS COMPANY; [17950] AMERICAN CENTRAL GAS COS. INC.; [913450] WGR, INC.; [871118] TRISTAR ENERGY COMPANY; [230719] DUKE ENERGY FIELD SERVICES, LP; [246991] EL PASO HYDROCARBONS COMPANY; [561121] MERIDIAN OIL HYDROCARBONS INC.; [836041] TARGA PL MID-CONT WESTTEX LLC; [319471] GPM GAS CORPORATION; [319468] GPM GAS COMPANY, LLC"
CH4_1B2_250m_-101.78647_32.20739?bbox=-106.65&bbox=25.84&bbox=-93.51&bbox=36.5&datetime=2025-01-01T00%3A00%3A00Z%2F..&plume_gas=CH4,99.92134391358519,199.84,2,2025-01-01,2025-07-09,32.20739,-101.78647,317-40605,"CIVITAS PERMIAN OPERATING, LLC",101577,0.12,13,12,77.7,"[836041] TARGA PL MID-CONT WESTTEX LLC; [195959] DCP OPERATING COMPANY, LP; [195918] DCP MIDSTREAM, LP"
CH4_1B2_250m_-101.92220_31.88392?bbox=-106.65&bbox=25.84&bbox=-93.51&bbox=36.5&datetime=2025-01-01T00%3A00%3A00Z%2F..&plume_gas=CH4,97.74864288354452,293.25,1,2025-07-09,2025-07-09,31.88392,-101.9222,329-40734,"OXYROCK OPERATING, LLC",102324,0.05,6,2,55.8,"[100883] ET GATHERING & PROCESSING LLC; [252017] ENERGY TRANSFER COMPANY; [601188] NAVITAS MDSTR MIDLAND BASIN, LLC; [665643] PINNACLE DOS PICOS LLC"
CH4_1B2_250m_-101.72655_32.25100?bbox=-106.65&bbox=25.84&bbox=-93.51&bbox=36.5&datetime=2025-01-01T00%3A00%3A00Z%2F..&plume_gas=CH4,94.38444888643988,283.15,1,2025-07-09,2025-07-09,32.251,-101.72655,317-44394,DIAMONDBACK E&P LLC,217012,0.26,16,11,56.2,"[252769] ENLINK GAS MARKETING, LP"
CH4_1B2_250m_-101.84924_31.88703?bbox=-106.65&bbox=25.84&bbox=-93.51&bbox=36.5&datetime=2025-01-01T00%3A00%3A00Z%2F..&plume_gas=CH4,58.711531789681366,234.85,1,2025-07-09,2025-07-09,31.88703,-101.84924,329-41679,DIAMONDBACK E&P LLC,217012,0.11,16,11,66.6,"[100348] ENT NAVITAS MDSTRM MDLND BAS LLC; [601188] NAVITAS MDSTR MIDLAND BASIN, LLC; [253368] ENTERPRISE PRODUCTS OPERATINGLLC"
CH4_1B2_250m_-101.75652_32.22679?bbox=-106.65&bbox=25.84&bbox=-93.51&bbox=36.5&datetime=2025-01-01T00%3A00%3A00Z%2F..&plume_gas=CH4,51.61053640543995,154.83,1,2025-07-09,2025-07-09,32.22679,-101.75652,317-44351,"FOURPOINT ENERGY, LLC",280969,0.07,17,9,61.3,[102493] ETC NORTH PERMIAN MIDSTREAM LLC; [945218] WTG NORTH PERMIAN MIDSTREAM LLC
CH4_1B2_250m_-101.91358_32.21219?bbox=-106.65&bbox=25.84&bbox=-93.51&bbox=36.5&datetime=2025-01-01T00%3A00%3A00Z%2F..&plume_gas=CH4,34.5250604254829,138.1,1,2025-07-09,2025-07-09,32.21219,-101.91358,317-37214,"PIONEER NATURAL RES. USA, INC.",665748,0.33,1,1,76.9,"[945227] WTG GAS PROCESSING, L.P.; [102493] ETC NORTH PERMIAN MIDSTREAM LLC; [945218] WTG NORTH PERMIAN MIDSTREAM LLC"
CH4_1B2_250m_-104.06573_31.99331?bbox=-106.65&bbox=25.84&bbox=-93.51&bbox=36.5&datetime=2025-01-01T00%3A00%3A00Z%2F..&plume_gas=CH4,113.33129339453988,226.66,1,2025-07-04,2025-07-04,31.99331,-104.06573,109-33812,"SOLARIS WATER MIDSTREAM, LLC",801148,0.54,1,1,65.0,NULL
CH4_1B2_250m_-104.15430_31.99718?bbox=-106.65&bbox=25.84&bbox=-93.51&bbox=36.5&datetime=2025-01-01T00%3A00%3A00Z%2F..&plume_gas=CH4,38.55672522992885,115.67,1,2025-07-04,2025-07-04,31.99718,-104.1543,109-32788,CHEVRON U. S. A. INC.,148113,0.29,4,4,77.0,[148113] CHEVRON U. S. A. INC.
CH4_1B2_250m_-99.45098_28.43460?bbox=-106.65&bbox=25.84&bbox=-93.51&bbox=36.5&datetime=2025-01-01T00%3A00%3A00Z%2F..&plume_gas=CH4,388.40277145391786,1165.21,1,2025-06-30,2025-06-30,28.4346,-99.45098,127-36942,INEOS USA OIL & GAS LLC,424176,0.14,9,9,83.5,"[101701] INEOS ENERGY MARKETING USA LLC; [147724] CHESAPEAKE ENERGY MKTG, L.L.C."
CH4_1B2_250m_-101.69006_32.47382?bbox=-106.65&bbox=25.84&bbox=-93.51&bbox=36.5&datetime=2025-01-01T00%3A00%3A00Z%2F..&plume_gas=CH4,422.6756652440122,422.68,1,2025-06-25,2025-06-25,32.47382,-101.69006,317-35550,"NEW HEIGHT ENERGY, LLC",100152,0.12,5,1,48.5,"[102487] ETC GAS PROCESSING, LLC; [945227] WTG GAS PROCESSING, L.P."
CH4_1B2_250m_-101.84626_32.40790?bbox=-106.65&bbox=25.84&bbox=-93.51&bbox=36.5&datetime=2025-01-01T00%3A00%3A00Z%2F..&plume_gas=CH4,109.46436588907928,218.93,1,2025-06-25,2025-06-25,32.4079,-101.84626,317-32191,"ENVIRONMENTAL DSPL SYSTEMS, LLC",253105,0.13,1,1,91.2,[661637] PHILLIPS 66 NATURAL GAS COMPANY; [319471] GPM GAS CORPORATION; [663680] PHILLIPS PETROLEUM COMPANY
CH4_1B2_250m_-101.71293_32.43816?bbox=-106.65&bbox=25.84&bbox=-93.51&bbox=36.5&datetime=2025-01-01T00%3A00%3A00Z%2F..&plume_gas=CH4,NULL,NULL,1,2025-06-25,2025-06-25,32.43816,-101.71293,317-38333,DIAMONDBACK E&P LLC,217012,0.06,4,1,55.3,"[195959] DCP OPERATING COMPANY, LP; [945227] WTG GAS PROCESSING, L.P.; [195918] DCP MIDSTREAM, LP; [102487] ETC GAS PROCESSING, LLC"
CH4_1B2_250m_-103.25648_31.30621?bbox=-106.65&bbox=25.84&bbox=-93.51&bbox=36.5&datetime=2025-01-01T00%3A00%3A00Z%2F..&plume_gas=CH4,212.18372733266366,424.37,2,2025-04-16,2025-06-20,31.30621,-103.25648,389-35345,"VTX ENERGY OPERATING, LLC",101377,0.39,1,1,72.7,NULL
CH4_1B2_250m_-103.22874_31.51353?bbox=-106.65&bbox=25.84&bbox=-93.51&bbox=36.5&datetime=2025-01-01T00%3A00%3A00Z%2F..&plume_gas=CH4,205.58248232973267,274.11,3,2025-03-07,2025-06-20,31.51353,-103.22874,475-34248,APACHE CORPORATION,27200,0.2,11,11,75.9,"[28653] AQUILA SOUTHWEST PIPELINE CORP.; [665707] PIONEER GAS PIPELINE, INC.; [154772] CLAJON GAS COMPANY; [154792] CLAJON GAS COMPANY, L.P."
CH4_1B2_250m_-103.18395_31.34052?bbox=-106.65&bbox=25.84&bbox=-93.51&bbox=36.5&datetime=2025-01-01T00%3A00%3A00Z%2F..&plume_gas=CH4,153.8765658398404,615.51,1,2025-06-20,2025-06-20,31.34052,-103.18395,389-40186,DIAMONDBACK E&P LLC,217012,0.36,3,3,71.9,"[238465] EAGLECLAW MIDSTREAM VENTURES,LLC"
CH4_1B2_250m_-103.19071_31.34981?bbox=-106.65&bbox=25.84&bbox=-93.51&bbox=36.5&datetime=2025-01-01T00%3A00%3A00Z%2F..&plume_gas=CH4,NULL,NULL,1,2025-06-20,2025-06-20,31.34981,-103.19071,389-37712,DIAMONDBACK E&P LLC,217012,0.52,2,2,62.0,"[238465] EAGLECLAW MIDSTREAM VENTURES,LLC"
CH4_1B2_250m_-100.05069_28.42254?bbox=-106.65&bbox=25.84&bbox=-93.51&bbox=36.5&datetime=2025-01-01T00%3A00%3A00Z%2F..&plume_gas=CH4,186.64192262798613,746.57,1,2025-06-11,2025-06-11,28.42254,-100.05069,127-38581,"GRIT OIL & GAS MANAGEMENT, LLC",334912,0.08,9,8,81.8,"[85349] BP ENERGY CO.; [878959] UPSTREAM ENERGY SERVICES; [405962] HOWARD MARKETING, LLC"
CH4_1B2_250m_-100.09553_28.25401?bbox=-106.65&bbox=25.84&bbox=-93.51&bbox=36.5&datetime=2025-01-01T00%3A00%3A00Z%2F..&plume_gas=CH4,183.35407976060225,733.42,1,2025-06-11,2025-06-11,28.25401,-100.09553,127-33774,"GRIT OIL & GAS MANAGEMENT, LLC",334912,0.11,6,5,76.7,[253368] ENTERPRISE PRODUCTS OPERATINGLLC; [845940] TEXAS GAS MARKETING LLC; [85349] BP ENERGY CO.; [878959] UPSTREAM ENERGY SERVICES
CH4_1B2_250m_-100.12987_28.20046?bbox=-106.65&bbox=25.84&bbox=-93.51&bbox=36.5&datetime=2025-01-01T00%3A00%3A00Z%2F..&plume_gas=CH4,108.20432944965742,432.82,1,2025-06-11,2025-06-11,28.20046,-100.12987,323-33662,"STRAND ENERGY, L.C.",824758,0.49,4,4,62.6,[100883] ET GATHERING & PROCESSING LLC
CH4_1B2_250m_-102.20143_31.55607?bbox=-106.65&bbox=25.84&bbox=-93.51&bbox=36.5&datetime=2025-01-01T00%3A00%3A00Z%2F..&plume_gas=CH4,428.74574003943644,857.49,1,2025-05-28,2025-05-28,31.55607,-102.20143,461-42534,FIREBIRD ENERGY II LLC,101413,0.11,13,10,70.4,[252017] ENERGY TRANSFER COMPANY; [945219] WTG SOUTH PERMIAN MIDSTREAM LLC
CH4_1B2_250m_-102.23903_31.68271?bbox=-106.65&bbox=25.84&bbox=-93.51&bbox=36.5&datetime=2025-01-01T00%3A00%3A00Z%2F..&plume_gas=CH4,89.31073633430579,178.62,1,2025-05-28,2025-05-28,31.68271,-102.23903,329-40208,SUMMIT PETROLEUM LLC,829221,0.03,6,6,91.2,"[945227] WTG GAS PROCESSING, L.P.; [102508] ETC SOUTH PERMIAN MIDSTREAM LLC; [945219] WTG SOUTH PERMIAN MIDSTREAM LLC"
CH4_1B2_250m_-102.18897_31.56301?bbox=-106.65&bbox=25.84&bbox=-93.51&bbox=36.5&datetime=2025-01-01T00%3A00%3A00Z%2F..&plume_gas=CH4,71.80588082390918,143.61,1,2025-05-28,2025-05-28,31.56301,-102.18897,461-32387,SM ENERGY COMPANY,788997,0.22,3,1,48.5,"[230721] DUKE ENERGY FLD SRVCS ASSETS LLC; [195918] DCP MIDSTREAM, LP; [230719] DUKE ENERGY FIELD SERVICES, LP; [572390] MOBIL NATURAL GAS INC.; [195959] DCP OPERATING COMPANY, LP; [230767] DUKE ENERGY FIELD SERVICES, INC.; [572550] MOBIL PRODUCING TX. & N.M. INC.; [637947] PANENERGY FIELD SERVICES, INC."
CH4_1B2_250m_-102.17594_31.73262?bbox=-106.65&bbox=25.84&bbox=-93.51&bbox=36.5&datetime=2025-01-01T00%3A00%3A00Z%2F..&plume_gas=CH4,NULL,NULL,1,2025-05-28,2025-05-28,31.73262,-102.17594,329-33913,APACHE CORPORATION,27200,0.22,9,9,77.9,[40798] BP AMERICA PRODUCTION COMPANY; [29347] ARCO PERMIAN; [27200] APACHE CORPORATION
CH4_1B2_250m_-102.18974_31.64161?bbox=-106.65&bbox=25.84&bbox=-93.51&bbox=36.5&datetime=2025-01-01T00%3A00%3A00Z%2F..&plume_gas=CH4,NULL,NULL,1,2025-05-28,2025-05-28,31.64161,-102.18974,461-34341,"DISCOVERY OPERATING, INC.",220865,0.16,6,6,81.6,[100348] ENT NAVITAS MDSTRM MDLND BAS LLC; [253368] ENTERPRISE PRODUCTS OPERATINGLLC; [148113] CHEVRON U. S. A. INC.; [40798] BP AMERICA PRODUCTION COMPANY
CH4_1B2_250m_-101.99484_31.48281?bbox=-106.65&bbox=25.84&bbox=-93.51&bbox=36.5&datetime=2025-01-01T00%3A00%3A00Z%2F..&plume_gas=CH4,1649.8614371263404,1649.86,1,2025-05-21,2025-05-21,31.48281,-101.99484,461-32648,"PIONEER NATURAL RES. USA, INC.",665748,0.3,3,3,75.7,"[36584] ATLAS PIPELINE MID-CONTINENT LLC; [836044] TARGA PIPELINE MID-CONTINENT LLC; [911908] WESTERN GAS RESOURCES-TEXAS,INC.; [911907] WESTERN GAS RESOURCES TEXAS LLC; [836041] TARGA PL MID-CONT WESTTEX LLC"
CH4_1B2_250m_-102.08649_31.34372?bbox=-106.65&bbox=25.84&bbox=-93.51&bbox=36.5&datetime=2025-01-01T00%3A00%3A00Z%2F..&plume_gas=CH4,1095.7184203808897,1095.72,1,2025-05-21,2025-05-21,31.34372,-102.08649,461-36363,SUMMIT PETROLEUM LLC,829221,0.18,8,5,61.4,"[945219] WTG SOUTH PERMIAN MIDSTREAM LLC; [195918] DCP MIDSTREAM, LP; [102508] ETC SOUTH PERMIAN MIDSTREAM LLC; [945227] WTG GAS PROCESSING, L.P."
CH4_1B2_250m_-101.83047_31.91776?bbox=-106.65&bbox=25.84&bbox=-93.51&bbox=36.5&datetime=2025-01-01T00%3A00%3A00Z%2F..&plume_gas=CH4,1052.407906488748,4209.63,1,2025-05-21,2025-05-21,31.91776,-101.83047,329-36771,"PIONEER NATURAL RES. USA, INC.",665748,0.02,16,1,41.4,"[836041] TARGA PL MID-CONT WESTTEX LLC; [36586] ATLAS PL MID-CONT. WESTTEX, LLC"
CH4_1B2_250m_-101.98600_31.67350?bbox=-106.65&bbox=25.84&bbox=-93.51&bbox=36.5&datetime=2025-01-01T00%3A00%3A00Z%2F..&plume_gas=CH4,948.9049103887351,1423.36,2,2025-05-07,2025-05-21,31.6735,-101.986,329-46999,XTO ENERGY INC.,945936,0.3,17,17,69.0,[836041] TARGA PL MID-CONT WESTTEX LLC
CH4_1B2_250m_-102.08332_31.32085?bbox=-106.65&bbox=25.84&bbox=-93.51&bbox=36.5&datetime=2025-01-01T00%3A00%3A00Z%2F..&plume_gas=CH4,926.8603437095305,926.86,1,2025-05-21,2025-05-21,31.32085,-102.08332,461-34328,"EOG RESOURCES, INC.",253162,0.08,3,2,74.5,[252876] ENOGEX PRODUCTS CORPORATION
CH4_1B2_250m_-101.96579_31.50521?bbox=-106.65&bbox=25.84&bbox=-93.51&bbox=36.5&datetime=2025-01-01T00%3A00%3A00Z%2F..&plume_gas=CH4,842.289208551636,842.29,1,2025-05-21,2025-05-21,31.50521,-101.96579,461-39956,"PIONEER NATURAL RES. USA, INC.",665748,0.02,12,12,88.8,"[911907] WESTERN GAS RESOURCES TEXAS LLC; [836041] TARGA PL MID-CONT WESTTEX LLC; [36584] ATLAS PIPELINE MID-CONTINENT LLC; [836044] TARGA PIPELINE MID-CONTINENT LLC; [911908] WESTERN GAS RESOURCES-TEXAS,INC."
CH4_1B2_250m_-102.11959_31.34319?bbox=-106.65&bbox=25.84&bbox=-93.51&bbox=36.5&datetime=2025-01-01T00%3A00%3A00Z%2F..&plume_gas=CH4,769.7034788534178,769.7,2,2025-05-07,2025-05-21,31.34319,-102.11959,461-31919,HUNT OIL COMPANY,416330,0.19,2,2,83.5,"[648965] PECOS COMPANY; [945227] WTG GAS PROCESSING, L.P.; [616724] NUSTAR JOINT VENTURE"
CH4_1B2_250m_-102.11778_31.33873?bbox=-106.65&bbox=25.84&bbox=-93.51&bbox=36.5&datetime=2025-01-01T00%3A00%3A00Z%2F..&plume_gas=CH4,602.081986109844,602.08,1,2025-05-21,2025-05-21,31.33873,-102.11778,461-34985,"CIVITAS PERMIAN OPERATING, LLC",101577,0.2,4,3,70.3,"[945227] WTG GAS PROCESSING, L.P.; [102487] ETC GAS PROCESSING, LLC"
CH4_1B2_250m_-101.89044_31.68769?bbox=-106.65&bbox=25.84&bbox=-93.51&bbox=36.5&datetime=2025-01-01T00%3A00%3A00Z%2F..&plume_gas=CH4,492.3534187984526,984.71,2,2025-01-01,2025-05-21,31.68769,-101.89044,329-32229,"PIONEER NATURAL RES. USA, INC.",665748,0.41,1,1,71.3,"[836041] TARGA PL MID-CONT WESTTEX LLC; [250300] EL PASO NATURAL GAS COMPANY; [877060] UNION TEXAS PETROLEUM CORP.; [663680] PHILLIPS PETROLEUM COMPANY; [913450] WGR, INC.; [36586] ATLAS PL MID-CONT. WESTTEX, LLC; [877066] UNION TEXAS PRODUCTS CORPORATION"
CH4_1B2_250m_-101.90691_31.82846?bbox=-106.65&bbox=25.84&bbox=-93.51&bbox=36.5&datetime=2025-01-01T00%3A00%3A00Z%2F..&plume_gas=CH4,204.41040381744722,408.82,1,2025-05-21,2025-05-21,31.82846,-101.90691,329-33791,"PIONEER NATURAL RES. USA, INC.",665748,0.28,5,5,77.5,"[250300] EL PASO NATURAL GAS COMPANY; [661637] PHILLIPS 66 NATURAL GAS COMPANY; [911905] WESTERN GAS PROCESSORS, LTD.; [836041] TARGA PL MID-CONT WESTTEX LLC; [36586] ATLAS PL MID-CONT. WESTTEX, LLC; [877066] UNION TEXAS PRODUCTS CORPORATION; [877060] UNION TEXAS PETROLEUM CORP.; [663680] PHILLIPS PETROLEUM COMPANY; [913450] WGR, INC."
CH4_1B2_250m_-101.91524_31.56937?bbox=-106.65&bbox=25.84&bbox=-93.51&bbox=36.5&datetime=2025-01-01T00%3A00%3A00Z%2F..&plume_gas=CH4,147.75685144505806,295.51,1,2025-05-21,2025-05-21,31.56937,-101.91524,461-35187,APACHE CORPORATION,27200,0.2,11,11,76.0,"[836044] TARGA PIPELINE MID-CONTINENT LLC; [913450] WGR, INC.; [36586] ATLAS PL MID-CONT. WESTTEX, LLC; [250300] EL PASO NATURAL GAS COMPANY; [911905] WESTERN GAS PROCESSORS, LTD."
CH4_1B2_250m_-101.97906_31.63379?bbox=-106.65&bbox=25.84&bbox=-93.51&bbox=36.5&datetime=2025-01-01T00%3A00%3A00Z%2F..&plume_gas=CH4,98.34140948606787,196.68,1,2025-05-21,2025-05-21,31.63379,-101.97906,461-39707,"PIONEER NATURAL RES. USA, INC.",665748,0.36,3,3,71.8,[836041] TARGA PL MID-CONT WESTTEX LLC
CH4_1B2_250m_-101.85154_31.88471?bbox=-106.65&bbox=25.84&bbox=-93.51&bbox=36.5&datetime=2025-01-01T00%3A00%3A00Z%2F..&plume_gas=CH4,NULL,NULL,1,2025-05-21,2025-05-21,31.88471,-101.85154,329-43936,"OXYROCK OPERATING, LLC",102324,0.13,18,7,50.2,"[100348] ENT NAVITAS MDSTRM MDLND BAS LLC; [601188] NAVITAS MDSTR MIDLAND BASIN, LLC; [252017] ENERGY TRANSFER COMPANY; [100883] ET GATHERING & PROCESSING LLC"
CH4_1B2_250m_-102.04013_31.35800?bbox=-106.65&bbox=25.84&bbox=-93.51&bbox=36.5&datetime=2025-01-01T00%3A00%3A00Z%2F..&plume_gas=CH4,945.1211896157789,1890.24,1,2025-05-07,2025-05-07,31.358,-102.04013,461-36101,COG OPERATING LLC,166150,0.25,7,7,75.7,"[836041] TARGA PL MID-CONT WESTTEX LLC; [36586] ATLAS PL MID-CONT. WESTTEX, LLC; [913450] WGR, INC."
CH4_1B2_250m_-102.07807_31.79954?bbox=-106.65&bbox=25.84&bbox=-93.51&bbox=36.5&datetime=2025-01-01T00%3A00%3A00Z%2F..&plume_gas=CH4,614.3225961832245,1228.65,1,2025-05-07,2025-05-07,31.79954,-102.07807,329-44025,DIAMONDBACK E&P LLC,217012,0.09,29,26,78.6,"[102545] ENTERPRISE M B MIDSTREAM LLC; [100348] ENT NAVITAS MDSTRM MDLND BAS LLC; [601188] NAVITAS MDSTR MIDLAND BASIN, LLC"
CH4_1B2_250m_-102.14167_31.61368?bbox=-106.65&bbox=25.84&bbox=-93.51&bbox=36.5&datetime=2025-01-01T00%3A00%3A00Z%2F..&plume_gas=CH4,418.53338424415057,837.07,1,2025-05-07,2025-05-07,31.61368,-102.14167,461-38556,COG OPERATING LLC,166150,0.21,5,5,82.0,"[252017] ENERGY TRANSFER COMPANY; [195918] DCP MIDSTREAM, LP; [179361] CORONADO MIDSTREAM LLC; [195959] DCP OPERATING COMPANY, LP"
CH4_1B2_250m_-102.04520_31.65703?bbox=-106.65&bbox=25.84&bbox=-93.51&bbox=36.5&datetime=2025-01-01T00%3A00%3A00Z%2F..&plume_gas=CH4,265.1192050259485,1060.48,1,2025-05-07,2025-05-07,31.65703,-102.0452,329-40483,OVINTIV USA INC.,628658,0.27,10,10,73.8,[252017] ENERGY TRANSFER COMPANY
CH4_1B2_250m_-102.09046_31.79875?bbox=-106.65&bbox=25.84&bbox=-93.51&bbox=36.5&datetime=2025-01-01T00%3A00%3A00Z%2F..&plume_gas=CH4,260.74607448725794,521.49,1,2025-05-07,2025-05-07,31.79875,-102.09046,329-34064,APACHE CORPORATION,27200,0.2,31,1,27.5,[29347] ARCO PERMIAN; [148113] CHEVRON U. S. A. INC.; [844118] TEXACO E & P INC.
CH4_1B2_250m_-101.99546_31.69644?bbox=-106.65&bbox=25.84&bbox=-93.51&bbox=36.5&datetime=2025-01-01T00%3A00%3A00Z%2F..&plume_gas=CH4,172.92959889373958,518.79,1,2025-05-07,2025-05-07,31.69644,-101.99546,329-40327,XTO ENERGY INC.,945936,0.1,10,8,76.0,[836041] TARGA PL MID-CONT WESTTEX LLC
CH4_1B2_250m_-102.12817_31.66024?bbox=-106.65&bbox=25.84&bbox=-93.51&bbox=36.5&datetime=2025-01-01T00%3A00%3A00Z%2F..&plume_gas=CH4,166.45594196679264,332.91,1,2025-05-07,2025-05-07,31.66024,-102.12817,329-997,HENRY PETROLEUM LP,378642,0.14,4,1,50.0,"[230719] DUKE ENERGY FIELD SERVICES, LP; [195918] DCP MIDSTREAM, LP"
CH4_1B2_250m_-102.08522_31.71983?bbox=-106.65&bbox=25.84&bbox=-93.51&bbox=36.5&datetime=2025-01-01T00%3A00%3A00Z%2F..&plume_gas=CH4,129.34164505506254,258.68,1,2025-05-07,2025-05-07,31.71983,-102.08522,329-39563,OVINTIV USA INC.,628658,0.09,21,14,67.1,"[252017] ENERGY TRANSFER COMPANY; [195918] DCP MIDSTREAM, LP; [195959] DCP OPERATING COMPANY, LP"
CH4_1B2_250m_-102.06737_31.82493?bbox=-106.65&bbox=25.84&bbox=-93.51&bbox=36.5&datetime=2025-01-01T00%3A00%3A00Z%2F..&plume_gas=CH4,113.35381294789622,226.71,1,2025-05-07,2025-05-07,31.82493,-102.06737,329-43232,"DISCOVERY OPERATING, INC.",220865,0.13,11,9,71.8,"[252017] ENERGY TRANSFER COMPANY; [601188] NAVITAS MDSTR MIDLAND BASIN, LLC"
CH4_1B2_250m_-102.14297_31.56968?bbox=-106.65&bbox=25.84&bbox=-93.51&bbox=36.5&datetime=2025-01-01T00%3A00%3A00Z%2F..&plume_gas=CH4,111.73326458594342,223.47,1,2025-05-07,2025-05-07,31.56968,-102.14297,461-42038,FIREBIRD ENERGY II LLC,101413,0.13,11,10,76.0,[252017] ENERGY TRANSFER COMPANY
CH4_1B2_250m_-102.10659_31.48341?bbox=-106.65&bbox=25.84&bbox=-93.51&bbox=36.5&datetime=2025-01-01T00%3A00%3A00Z%2F..&plume_gas=CH4,111.46626116565568,334.4,1,2025-05-07,2025-05-07,31.48341,-102.10659,461-38685,COG OPERATING LLC,166150,0.19,4,4,84.0,"[836041] TARGA PL MID-CONT WESTTEX LLC; [195918] DCP MIDSTREAM, LP; [195959] DCP OPERATING COMPANY, LP"
CH4_1B2_250m_-102.06343_31.53763?bbox=-106.65&bbox=25.84&bbox=-93.51&bbox=36.5&datetime=2025-01-01T00%3A00%3A00Z%2F..&plume_gas=CH4,81.06135347697493,243.18,1,2025-05-07,2025-05-07,31.53763,-102.06343,461-42811,DIAMONDBACK E&P LLC,217012,0.19,18,16,71.1,[836041] TARGA PL MID-CONT WESTTEX LLC
CH4_1B2_250m_-101.98772_31.66661?bbox=-106.65&bbox=25.84&bbox=-93.51&bbox=36.5&datetime=2025-01-01T00%3A00%3A00Z%2F..&plume_gas=CH4,NULL,NULL,1,2025-05-07,2025-05-07,31.66661,-101.98772,329-32119,"MIDKIFF, JOHN",565125,0.18,2,1,59.7,"[913450] WGR, INC.; [911908] WESTERN GAS RESOURCES-TEXAS,INC.; [661637] PHILLIPS 66 NATURAL GAS COMPANY; [911905] WESTERN GAS PROCESSORS, LTD."
CH4_1B2_250m_-101.98516_31.66881?bbox=-106.65&bbox=25.84&bbox=-93.51&bbox=36.5&datetime=2025-01-01T00%3A00%3A00Z%2F..&plume_gas=CH4,NULL,NULL,1,2025-05-07,2025-05-07,31.66881,-101.98516,329-32119,"MIDKIFF, JOHN",565125,0.48,2,1,38.6,"[913450] WGR, INC.; [911908] WESTERN GAS RESOURCES-TEXAS,INC.; [661637] PHILLIPS 66 NATURAL GAS COMPANY; [911905] WESTERN GAS PROCESSORS, LTD."
CH4_1B2_250m_-101.65651_31.80336?bbox=-106.65&bbox=25.84&bbox=-93.51&bbox=36.5&datetime=2025-01-01T00%3A00%3A00Z%2F..&plume_gas=CH4,345.9931433345372,345.99,1,2025-04-30,2025-04-30,31.80336,-101.65651,173-34797,DIAMONDBACK E&P LLC,217012,0.19,16,16,76.6,"[836041] TARGA PL MID-CONT WESTTEX LLC; [36586] ATLAS PL MID-CONT. WESTTEX, LLC"
CH4_1B2_250m_-101.79273_31.86350?bbox=-106.65&bbox=25.84&bbox=-93.51&bbox=36.5&datetime=2025-01-01T00%3A00%3A00Z%2F..&plume_gas=CH4,208.02156131412087,416.04,1,2025-04-30,2025-04-30,31.8635,-101.79273,329-31475,"COX, JOHN L.",185980,0.46,3,1,31.7,"[663680] PHILLIPS PETROLEUM COMPANY; [230719] DUKE ENERGY FIELD SERVICES, LP; [661637] PHILLIPS 66 NATURAL GAS COMPANY; [319471] GPM GAS CORPORATION; [319468] GPM GAS COMPANY, LLC"
CH4_1B2_250m_-101.75374_31.52029?bbox=-106.65&bbox=25.84&bbox=-93.51&bbox=36.5&datetime=2025-01-01T00%3A00%3A00Z%2F..&plume_gas=CH4,200.5561756181635,401.11,1,2025-04-30,2025-04-30,31.52029,-101.75374,383-36681,"PIONEER NATURAL RES. USA, INC.",665748,0.17,3,3,85.1,"[250300] EL PASO NATURAL GAS COMPANY; [661637] PHILLIPS 66 NATURAL GAS COMPANY; [319471] GPM GAS CORPORATION; [319468] GPM GAS COMPANY, LLC; [945219] WTG SOUTH PERMIAN MIDSTREAM LLC; [836041] TARGA PL MID-CONT WESTTEX LLC; [36586] ATLAS PL MID-CONT. WESTTEX, LLC; [102508] ETC SOUTH PERMIAN MIDSTREAM LLC; [877066] UNION TEXAS PRODUCTS CORPORATION; [230719] DUKE ENERGY FIELD SERVICES, LP; [945227] WTG GAS PROCESSING, L.P.; [877060] UNION TEXAS PETROLEUM CORP.; [663680] PHILLIPS PETROLEUM COMPANY; [195918] DCP MIDSTREAM, LP; [913450] WGR, INC."
CH4_1B2_250m_-101.79783_31.73713?bbox=-106.65&bbox=25.84&bbox=-93.51&bbox=36.5&datetime=2025-01-01T00%3A00%3A00Z%2F..&plume_gas=CH4,116.37793249868591,232.76,1,2025-04-30,2025-04-30,31.73713,-101.79783,329-32667,"PIONEER NATURAL RES. USA, INC.",665748,0.25,4,4,79.6,"[877060] UNION TEXAS PETROLEUM CORP.; [663680] PHILLIPS PETROLEUM COMPANY; [913450] WGR, INC.; [36586] ATLAS PL MID-CONT. WESTTEX, LLC; [877066] UNION TEXAS PRODUCTS CORPORATION; [836041] TARGA PL MID-CONT WESTTEX LLC; [250300] EL PASO NATURAL GAS COMPANY; [661637] PHILLIPS 66 NATURAL GAS COMPANY; [911905] WESTERN GAS PROCESSORS, LTD."
CH4_1B2_250m_-101.72537_31.79574?bbox=-106.65&bbox=25.84&bbox=-93.51&bbox=36.5&datetime=2025-01-01T00%3A00%3A00Z%2F..&plume_gas=CH4,94.92532425670645,189.85,1,2025-04-30,2025-04-30,31.79574,-101.72537,173-37494,COG OPERATING LLC,166150,0.16,16,8,54.1,[836041] TARGA PL MID-CONT WESTTEX LLC
CH4_1B2_250m_-101.74484_32.03384?bbox=-106.65&bbox=25.84&bbox=-93.51&bbox=36.5&datetime=2025-01-01T00%3A00%3A00Z%2F..&plume_gas=CH4,82.943659613012,82.94,1,2025-04-30,2025-04-30,32.03384,-101.74484,173-38287,"PIONEER NATURAL RES. USA, INC.",665748,0.31,11,10,63.4,[836041] TARGA PL MID-CONT WESTTEX LLC
CH4_1B2_250m_-101.77839_31.84384?bbox=-106.65&bbox=25.84&bbox=-93.51&bbox=36.5&datetime=2025-01-01T00%3A00%3A00Z%2F..&plume_gas=CH4,NULL,NULL,1,2025-04-30,2025-04-30,31.84384,-101.77839,329-39108,"OXYROCK OPERATING, LLC",102324,0.3,3,3,76.3,"[663680] PHILLIPS PETROLEUM COMPANY; [195918] DCP MIDSTREAM, LP; [102545] ENTERPRISE M B MIDSTREAM LLC; [319471] GPM GAS CORPORATION; [100348] ENT NAVITAS MDSTRM MDLND BAS LLC; [661637] PHILLIPS 66 NATURAL GAS COMPANY; [836041] TARGA PL MID-CONT WESTTEX LLC; [252017] ENERGY TRANSFER COMPANY; [601188] NAVITAS MDSTR MIDLAND BASIN, LLC"
CH4_1B2_250m_-101.77598_31.84358?bbox=-106.65&bbox=25.84&bbox=-93.51&bbox=36.5&datetime=2025-01-01T00%3A00%3A00Z%2F..&plume_gas=CH4,NULL,NULL,1,2025-04-30,2025-04-30,31.84358,-101.77598,173-31036,"OXYROCK OPERATING, LLC",102324,0.4,2,2,69.3,"[319471] GPM GAS CORPORATION; [100348] ENT NAVITAS MDSTRM MDLND BAS LLC; [661637] PHILLIPS 66 NATURAL GAS COMPANY; [836041] TARGA PL MID-CONT WESTTEX LLC; [252017] ENERGY TRANSFER COMPANY; [601188] NAVITAS MDSTR MIDLAND BASIN, LLC; [663680] PHILLIPS PETROLEUM COMPANY; [195918] DCP MIDSTREAM, LP; [102545] ENTERPRISE M B MIDSTREAM LLC"
CH4_1B2_250m_-101.76701_31.64380?bbox=-106.65&bbox=25.84&bbox=-93.51&bbox=36.5&datetime=2025-01-01T00%3A00%3A00Z%2F..&plume_gas=CH4,NULL,NULL,1,2025-04-30,2025-04-30,31.6438,-101.76701,383-33283,TARGA PIPELINE MID-CONTINENT LLC,836044,0.19,3,1,50.0,NULL
CH4_1B2_250m_-101.76632_31.65007?bbox=-106.65&bbox=25.84&bbox=-93.51&bbox=36.5&datetime=2025-01-01T00%3A00%3A00Z%2F..&plume_gas=CH4,NULL,NULL,1,2025-04-30,2025-04-30,31.65007,-101.76632,173-32925,"PIONEER NATURAL RES. USA, INC.",665748,0.24,3,3,80.1,"[319471] GPM GAS CORPORATION; [319468] GPM GAS COMPANY, LLC; [945219] WTG SOUTH PERMIAN MIDSTREAM LLC; [250300] EL PASO NATURAL GAS COMPANY; [661637] PHILLIPS 66 NATURAL GAS COMPANY; [911905] WESTERN GAS PROCESSORS, LTD.; [836041] TARGA PL MID-CONT WESTTEX LLC; [945218] WTG NORTH PERMIAN MIDSTREAM LLC; [877066] UNION TEXAS PRODUCTS CORPORATION; [230719] DUKE ENERGY FIELD SERVICES, LP; [945227] WTG GAS PROCESSING, L.P.; [36586] ATLAS PL MID-CONT. WESTTEX, LLC; [102508] ETC SOUTH PERMIAN MIDSTREAM LLC; [913450] WGR, INC.; [663680] PHILLIPS PETROLEUM COMPANY; [877060] UNION TEXAS PETROLEUM CORP.; [195918] DCP MIDSTREAM, LP"
CH4_1B2_250m_-101.77334_31.85089?bbox=-106.65&bbox=25.84&bbox=-93.51&bbox=36.5&datetime=2025-01-01T00%3A00%3A00Z%2F..&plume_gas=CH4,NULL,NULL,1,2025-04-30,2025-04-30,31.85089,-101.77334,173-311,"OXYROCK OPERATING, LLC",102324,0.2,3,3,82.8,"[663680] PHILLIPS PETROLEUM COMPANY; [195918] DCP MIDSTREAM, LP; [102545] ENTERPRISE M B MIDSTREAM LLC; [319471] GPM GAS CORPORATION; [100348] ENT NAVITAS MDSTRM MDLND BAS LLC; [661637] PHILLIPS 66 NATURAL GAS COMPANY; [836041] TARGA PL MID-CONT WESTTEX LLC; [252017] ENERGY TRANSFER COMPANY; [601188] NAVITAS MDSTR MIDLAND BASIN, LLC"
CH4_1B2_250m_-101.72616_31.77336?bbox=-106.65&bbox=25.84&bbox=-93.51&bbox=36.5&datetime=2025-01-01T00%3A00%3A00Z%2F..&plume_gas=CH4,NULL,NULL,1,2025-04-30,2025-04-30,31.77336,-101.72616,173-37565,"CIVITAS PERMIAN OPERATING, LLC",101577,0.1,27,23,75.9,"[601188] NAVITAS MDSTR MIDLAND BASIN, LLC; [253368] ENTERPRISE PRODUCTS OPERATINGLLC; [100348] ENT NAVITAS MDSTRM MDLND BAS LLC"
CH4_1B2_250m_-103.85442_31.90118?bbox=-106.65&bbox=25.84&bbox=-93.51&bbox=36.5&datetime=2025-01-01T00%3A00%3A00Z%2F..&plume_gas=CH4,115.44554889294203,461.78,1,2025-04-25,2025-04-25,31.90118,-103.85442,301-35670,"STATELINE WATER, LLC",816096,0.07,3,1,58.8,NULL
CH4_1B2_250m_-103.93317_31.81229?bbox=-106.65&bbox=25.84&bbox=-93.51&bbox=36.5&datetime=2025-01-01T00%3A00%3A00Z%2F..&plume_gas=CH4,87.36987343953022,262.11,1,2025-04-25,2025-04-25,31.81229,-103.93317,389-31763,"WALSH & WATTS, INC.",895060,0.37,3,2,54.5,"[195918] DCP MIDSTREAM, LP; [172232] CONOCOPHILLIPS COMPANY; [230719] DUKE ENERGY FIELD SERVICES, LP; [172230] CONOCO INC."
CH4_1B2_250m_-103.93834_31.77579?bbox=-106.65&bbox=25.84&bbox=-93.51&bbox=36.5&datetime=2025-01-01T00%3A00%3A00Z%2F..&plume_gas=CH4,53.45076237204163,160.35,1,2025-04-25,2025-04-25,31.77579,-103.93834,389-34554,BPX OPERATING COMPANY,85408,0.4,1,1,71.7,"[211476] DELAWARE BASIN MIDSTREAM, LLC; [252017] ENERGY TRANSFER COMPANY; [85349] BP ENERGY CO.; [698769] REGENCY FIELD SERVICES LLC; [172232] CONOCOPHILLIPS COMPANY"
CH4_1B2_250m_-103.88652_31.89687?bbox=-106.65&bbox=25.84&bbox=-93.51&bbox=36.5&datetime=2025-01-01T00%3A00%3A00Z%2F..&plume_gas=CH4,50.145781897322195,150.44,1,2025-04-25,2025-04-25,31.89687,-103.88652,301-32143,"WPX ENERGY PERMIAN, LLC",942623,0.13,1,1,90.8,"[211476] DELAWARE BASIN MIDSTREAM, LLC; [255104] ETC TEXAS P/L, LTD; [211538] DELAWARE G&P LLC; [558223] MEDALLION DELAWARE BASIN, LLC; [816097] STATELINE PROCESSING, LLC; [616195] NUEVO MIDSTREAM, LLC"
CH4_1B2_250m_-103.92913_31.77788?bbox=-106.65&bbox=25.84&bbox=-93.51&bbox=36.5&datetime=2025-01-01T00%3A00%3A00Z%2F..&plume_gas=CH4,43.80906319435934,131.43,1,2025-04-25,2025-04-25,31.77788,-103.92913,389-40368,BPX MIDSTREAM LLC,85409,0.35,1,1,75.7,NULL
CH4_1B2_250m_-103.37318_31.30138?bbox=-106.65&bbox=25.84&bbox=-93.51&bbox=36.5&datetime=2025-01-01T00%3A00%3A00Z%2F..&plume_gas=CH4,1043.047297050424,1043.05,1,2025-04-16,2025-04-16,31.30138,-103.37318,389-33674,"PERMIAN RESOURCES OPERATING, LLC",100852,0.25,5,3,59.7,[252017] ENERGY TRANSFER COMPANY; [698769] REGENCY FIELD SERVICES LLC
CH4_1B2_250m_-103.30494_31.60819?bbox=-106.65&bbox=25.84&bbox=-93.51&bbox=36.5&datetime=2025-01-01T00%3A00%3A00Z%2F..&plume_gas=CH4,947.1639820441972,947.16,1,2025-04-16,2025-04-16,31.60819,-103.30494,475-34516,APACHE CORPORATION,27200,0.27,2,2,78.4,[836037] TARGA MIDSTREAM SERVICES LLC
CH4_1B2_250m_-103.17813_31.26750?bbox=-106.65&bbox=25.84&bbox=-93.51&bbox=36.5&datetime=2025-01-01T00%3A00%3A00Z%2F..&plume_gas=CH4,409.2756811674094,818.55,2,2025-03-07,2025-04-16,31.2675,-103.17813,389-38956,"VTX ENERGY OPERATING, LLC",101377,0.23,7,7,77.1,"[100883] ET GATHERING & PROCESSING LLC; [255104] ETC TEXAS P/L, LTD"
CH4_1B2_250m_-103.28929_31.35685?bbox=-106.65&bbox=25.84&bbox=-93.51&bbox=36.5&datetime=2025-01-01T00%3A00%3A00Z%2F..&plume_gas=CH4,322.30288882057033,1289.21,1,2025-04-16,2025-04-16,31.35685,-103.28929,389-36383,"PERMIAN RESOURCES OPERATING, LLC",100852,0.25,4,4,79.2,"[238465] EAGLECLAW MIDSTREAM VENTURES,LLC"
CH4_1B2_250m_-103.33425_31.52469?bbox=-106.65&bbox=25.84&bbox=-93.51&bbox=36.5&datetime=2025-01-01T00%3A00%3A00Z%2F..&plume_gas=CH4,218.7208977535566,218.72,1,2025-04-16,2025-04-16,31.52469,-103.33425,475-36657,ANADARKO E&P ONSHORE LLC,20528,0.04,4,4,94.2,[20548] ANADARKO ENERGY SERVICES COMPANY
CH4_1B2_250m_-103.26409_31.28642?bbox=-106.65&bbox=25.84&bbox=-93.51&bbox=36.5&datetime=2025-01-01T00%3A00%3A00Z%2F..&plume_gas=CH4,213.45757752092985,853.83,1,2025-04-16,2025-04-16,31.28642,-103.26409,389-36779,"VTX ENERGY OPERATING, LLC",101377,0.1,4,4,90.3,"[100883] ET GATHERING & PROCESSING LLC; [252017] ENERGY TRANSFER COMPANY; [255104] ETC TEXAS P/L, LTD"
CH4_NA_250m_-103.33113_31.30896?bbox=-106.65&bbox=25.84&bbox=-93.51&bbox=36.5&datetime=2025-01-01T00%3A00%3A00Z%2F..&plume_gas=CH4,184.05244772751075,368.1,1,2025-04-16,2025-04-16,31.30896,-103.33113,389-32712,U.S. ENERGY DEVELOPMENT CORP,875462,0.03,1,1,98.0,"[698769] REGENCY FIELD SERVICES LLC; [238465] EAGLECLAW MIDSTREAM VENTURES,LLC; [252017] ENERGY TRANSFER COMPANY"
CH4_1B2_250m_-103.36497_31.28422?bbox=-106.65&bbox=25.84&bbox=-93.51&bbox=36.5&datetime=2025-01-01T00%3A00%3A00Z%2F..&plume_gas=CH4,142.02334555994113,142.02,1,2025-04-16,2025-04-16,31.28422,-103.36497,389-32735,"PERMIAN RESOURCES OPERATING, LLC",100852,0.38,1,1,73.4,"[698769] REGENCY FIELD SERVICES LLC; [252017] ENERGY TRANSFER COMPANY; [805477] SOUTHERN UNION GAS SERVICES, LTD"
CH4_1B2_250m_-103.16294_31.39963?bbox=-106.65&bbox=25.84&bbox=-93.51&bbox=36.5&datetime=2025-01-01T00%3A00%3A00Z%2F..&plume_gas=CH4,132.26327027224548,264.53,2,2025-03-07,2025-04-16,31.39963,-103.16294,475-38528,DIAMONDBACK E&P LLC,217012,0.46,4,4,64.7,[101063] KINETIK HOLDINGS LP
CH4_1B2_250m_-103.26445_31.50698?bbox=-106.65&bbox=25.84&bbox=-93.51&bbox=36.5&datetime=2025-01-01T00%3A00%3A00Z%2F..&plume_gas=CH4,125.85592144928788,503.42,1,2025-04-16,2025-04-16,31.50698,-103.26445,475-36203,APACHE CORPORATION,27200,0.05,5,5,93.6,[836037] TARGA MIDSTREAM SERVICES LLC
CH4_1B2_250m_-103.19378_31.66647?bbox=-106.65&bbox=25.84&bbox=-93.51&bbox=36.5&datetime=2025-01-01T00%3A00%3A00Z%2F..&plume_gas=CH4,103.9311490528194,311.79,1,2025-04-16,2025-04-16,31.66647,-103.19378,495-32460,"JETTA OPERATING COMPANY, INC.",432283,0.3,1,1,78.9,"[18932] AMERICAN PROCESSING, L.P.; [252017] ENERGY TRANSFER COMPANY"
CH4_1B2_250m_-103.13728_31.45269?bbox=-106.65&bbox=25.84&bbox=-93.51&bbox=36.5&datetime=2025-01-01T00%3A00%3A00Z%2F..&plume_gas=CH4,100.00334251997505,400.01,1,2025-04-16,2025-04-16,31.45269,-103.13728,475-37481,"CONTINENTAL RESOURCES, INC.",173777,0.17,5,5,85.3,[836046] TARGA MIDLAND LLC
CH4_1B2_250m_-103.30894_31.43911?bbox=-106.65&bbox=25.84&bbox=-93.51&bbox=36.5&datetime=2025-01-01T00%3A00%3A00Z%2F..&plume_gas=CH4,98.1251730206324,196.25,1,2025-04-16,2025-04-16,31.43911,-103.30894,475-38129,DIAMONDBACK E&P LLC,217012,0.18,5,4,74.4,"[89903] BRAZOS MIDSTREAM OPERATING, LLC"
CH4_1B2_250m_-103.12770_31.44227?bbox=-106.65&bbox=25.84&bbox=-93.51&bbox=36.5&datetime=2025-01-01T00%3A00%3A00Z%2F..&plume_gas=CH4,83.17779044121947,332.71,1,2025-04-16,2025-04-16,31.44227,-103.1277,475-33616,MW PETROLEUM CORPORATION,597371,0.31,8,1,27.8,[864950] TRANSWESTERN PIPE LINE CO.
CH4_1B2_250m_-103.14322_31.45576?bbox=-106.65&bbox=25.84&bbox=-93.51&bbox=36.5&datetime=2025-01-01T00%3A00%3A00Z%2F..&plume_gas=CH4,21.76747436906112,87.07,1,2025-04-16,2025-04-16,31.45576,-103.14322,475-37017,"CONTINENTAL RESOURCES, INC.",173777,0.17,4,4,85.3,[836046] TARGA MIDLAND LLC; [252017] ENERGY TRANSFER COMPANY
CH4_1B2_250m_-103.23569_31.65840?bbox=-106.65&bbox=25.84&bbox=-93.51&bbox=36.5&datetime=2025-01-01T00%3A00%3A00Z%2F..&plume_gas=CH4,NULL,NULL,1,2025-04-16,2025-04-16,31.6584,-103.23569,495-1878,SAPIENT ENERGY CORP,748289,0.19,2,1,59.0,"[230721] DUKE ENERGY FLD SRVCS ASSETS LLC; [230767] DUKE ENERGY FIELD SERVICES, INC.; [637947] PANENERGY FIELD SERVICES, INC."
CH4_1B2_250m_-98.83220_28.32089?bbox=-106.65&bbox=25.84&bbox=-93.51&bbox=36.5&datetime=2025-01-01T00%3A00%3A00Z%2F..&plume_gas=CH4,1743.5604891376968,1743.56,1,2025-04-14,2025-04-14,28.32089,-98.8322,283-37289,VERDUN OIL & GAS LLC,884566,0.12,1,1,91.3,"[703462] REPSOL OIL & GAS USA, LLC"
CH4_1B2_250m_-98.65811_28.44893?bbox=-106.65&bbox=25.84&bbox=-93.51&bbox=36.5&datetime=2025-01-01T00%3A00%3A00Z%2F..&plume_gas=CH4,1655.302848823817,1655.3,1,2025-04-14,2025-04-14,28.44893,-98.65811,311-33425,"HUGHES, DAN A. COMPANY, L.P.",411736,0.26,6,6,74.5,NULL
CH4_1B2_250m_-98.77818_28.29809?bbox=-106.65&bbox=25.84&bbox=-93.51&bbox=36.5&datetime=2025-01-01T00%3A00%3A00Z%2F..&plume_gas=CH4,646.7177748928602,646.72,1,2025-04-14,2025-04-14,28.29809,-98.77818,311-35571,"KIMMERIDGE TEXAS GAS, LLC",100291,0.21,2,2,82.5,"[286611] FRIO LASALLE PIPELINE, LP; [30818] ARM ENERGY MANAGEMENT LLC; [85349] BP ENERGY CO."
CH4_1B2_250m_-98.83677_28.26792?bbox=-106.65&bbox=25.84&bbox=-93.51&bbox=36.5&datetime=2025-01-01T00%3A00%3A00Z%2F..&plume_gas=CH4,582.7611936887859,582.76,1,2025-04-14,2025-04-14,28.26792,-98.83677,283-34119,"KIMMERIDGE TEXAS GAS, LLC",100291,0.11,1,1,92.3,[85349] BP ENERGY CO.; [30818] ARM ENERGY MANAGEMENT LLC
CH4_1B2_250m_-103.16131_31.23201?bbox=-106.65&bbox=25.84&bbox=-93.51&bbox=36.5&datetime=2025-01-01T00%3A00%3A00Z%2F..&plume_gas=CH4,1198.8389145458116,3596.52,1,2025-04-12,2025-04-12,31.23201,-103.16131,389-39870,"VTX ENERGY OPERATING, LLC",101377,0.38,9,9,66.7,"[100883] ET GATHERING & PROCESSING LLC; [255104] ETC TEXAS P/L, LTD"
CH4_1B2_250m_-102.80209_30.92303?bbox=-106.65&bbox=25.84&bbox=-93.51&bbox=36.5&datetime=2025-01-01T00%3A00%3A00Z%2F..&plume_gas=CH4,435.233395354893,652.85,2,2025-03-28,2025-04-11,30.92303,-102.80209,371-40093,GORDY OIL COMPANY,317150,0.08,5,5,91.5,"[100883] ET GATHERING & PROCESSING LLC; [252017] ENERGY TRANSFER COMPANY; [617468] OASIS PIPELINE, LP"
CH4_1B2_250m_-102.53691_31.93090?bbox=-106.65&bbox=25.84&bbox=-93.51&bbox=36.5&datetime=2025-01-01T00%3A00%3A00Z%2F..&plume_gas=CH4,318.4770059103297,955.43,1,2025-04-11,2025-04-11,31.9309,-102.53691,135-43903,"ARES ENERGY, LTD.",29655,0.14,1,1,90.5,"[195959] DCP OPERATING COMPANY, LP"
CH4_1B2_250m_-102.93295_30.99191?bbox=-106.65&bbox=25.84&bbox=-93.51&bbox=36.5&datetime=2025-01-01T00%3A00%3A00Z%2F..&plume_gas=CH4,300.1894146620594,900.57,1,2025-04-11,2025-04-11,30.99191,-102.93295,371-33099,CLIFFWOOD PRODUCTION CO.,160606,0.18,7,7,80.1,"[212290] DELHI GAS PIPELINE & AFFILIATES; [615910] NUECES CO., THE"
CH4_1B2_250m_-102.66833_31.52186?bbox=-106.65&bbox=25.84&bbox=-93.51&bbox=36.5&datetime=2025-01-01T00%3A00%3A00Z%2F..&plume_gas=CH4,205.76788917545028,617.3,1,2025-04-11,2025-04-11,31.52186,-102.66833,103-36730,"BLACKBEARD OPERATING, LLC",73056,0.11,8,8,85.1,"[836037] TARGA MIDSTREAM SERVICES LLC; [172232] CONOCOPHILLIPS COMPANY; [109339] BURLINGTON RESOURCES TRADING INC; [195959] DCP OPERATING COMPANY, LP; [252017] ENERGY TRANSFER COMPANY; [561134] MERIDIAN OIL TRADING INC.; [250300] EL PASO NATURAL GAS COMPANY"
CH4_1B2_250m_-102.97061_31.11996?bbox=-106.65&bbox=25.84&bbox=-93.51&bbox=36.5&datetime=2025-01-01T00%3A00%3A00Z%2F..&plume_gas=CH4,NULL,NULL,1,2025-04-11,2025-04-11,31.11996,-102.97061,371-36433,SUPERIOR OPERATING COMPANY,830282,0.16,7,1,39.0,NULL
CH4_1B2_250m_-99.64279_28.33141?bbox=-106.65&bbox=25.84&bbox=-93.51&bbox=36.5&datetime=2025-01-01T00%3A00%3A00Z%2F..&plume_gas=CH4,316.83016603439927,633.66,1,2025-04-07,2025-04-07,28.33141,-99.64279,127-38393,"ROSEWOOD RESOURCES, INC.",728874,0.34,4,2,48.3,[841396] TENASKA MARKETING VENTURES; [463345] KINDER MORGAN TEXAS PIPELINE LLC; [85349] BP ENERGY CO.
CH4_1B2_250m_-102.75580_30.87367?bbox=-106.65&bbox=25.84&bbox=-93.51&bbox=36.5&datetime=2025-01-01T00%3A00%3A00Z%2F..&plume_gas=CH4,669.1077097171309,2007.32,1,2025-03-28,2025-03-28,30.87367,-102.7558,371-40125,GORDY OIL COMPANY,317150,0.07,2,2,92.4,"[100883] ET GATHERING & PROCESSING LLC; [617468] OASIS PIPELINE, LP; [252017] ENERGY TRANSFER COMPANY"
CH4_1B2_250m_-102.62887_31.52383?bbox=-106.65&bbox=25.84&bbox=-93.51&bbox=36.5&datetime=2025-01-01T00%3A00%3A00Z%2F..&plume_gas=CH4,250.17295768136805,500.35,1,2025-03-28,2025-03-28,31.52383,-102.62887,103-36922,"BLACKBEARD OPERATING, LLC",73056,0.03,25,25,87.7,"[172232] CONOCOPHILLIPS COMPANY; [109339] BURLINGTON RESOURCES TRADING INC; [195959] DCP OPERATING COMPANY, LP; [836037] TARGA MIDSTREAM SERVICES LLC; [561134] MERIDIAN OIL TRADING INC.; [250300] EL PASO NATURAL GAS COMPANY; [252017] ENERGY TRANSFER COMPANY"
CH4_1B2_250m_-103.77042_31.62084?bbox=-106.65&bbox=25.84&bbox=-93.51&bbox=36.5&datetime=2025-01-01T00%3A00%3A00Z%2F..&plume_gas=CH4,1812.7473335160764,1812.75,1,2025-03-23,2025-03-23,31.62084,-103.77042,389-35269,TRP OPERATING LLC,872117,0.05,5,4,83.3,[252017] ENERGY TRANSFER COMPANY
CH4_1B2_250m_-104.07769_31.99603?bbox=-106.65&bbox=25.84&bbox=-93.51&bbox=36.5&datetime=2025-01-01T00%3A00%3A00Z%2F..&plume_gas=CH4,1541.1205242438143,3082.24,1,2025-03-23,2025-03-23,31.99603,-104.07769,109-33815,ENERGY TRANSFER COMPANY,252017,0.19,2,1,58.9,NULL
CH4_1B2_250m_-103.67767_31.95426?bbox=-106.65&bbox=25.84&bbox=-93.51&bbox=36.5&datetime=2025-01-01T00%3A00%3A00Z%2F..&plume_gas=CH4,663.5824413842487,1327.16,1,2025-03-23,2025-03-23,31.95426,-103.67767,301-33794,"LRR PECOS VALLEY, LLC",511724,0.18,10,9,75.4,"[255102] ETC GAS COMPANY, LTD.; [211538] DELAWARE G&P LLC; [252017] ENERGY TRANSFER COMPANY; [297136] GATEWAY GATHERING & MKTG. CO."
CH4_1B2_250m_-102.73750_31.90599?bbox=-106.65&bbox=25.84&bbox=-93.51&bbox=36.5&datetime=2025-01-01T00%3A00%3A00Z%2F..&plume_gas=CH4,1539.1191324796484,3078.24,1,2025-03-21,2025-03-21,31.90599,-102.7375,135-35677,FORMENTERA OPERATIONS LLC,276959,0.3,7,4,50.3,"[773840] SHELL OIL COMPANY; [319471] GPM GAS CORPORATION; [319468] GPM GAS COMPANY, LLC; [774720] SHELL WESTERN E&P INC.; [195918] DCP MIDSTREAM, LP; [230719] DUKE ENERGY FIELD SERVICES, LP; [195959] DCP OPERATING COMPANY, LP"
CH4_1B2_250m_-102.54117_32.43739?bbox=-106.65&bbox=25.84&bbox=-93.51&bbox=36.5&datetime=2025-01-01T00%3A00%3A00Z%2F..&plume_gas=CH4,443.62376921647274,887.25,1,2025-03-21,2025-03-21,32.43739,-102.54117,3-47114,HILCORP ENERGY COMPANY,386310,0.15,13,13,79.6,"[663680] PHILLIPS PETROLEUM COMPANY; [195918] DCP MIDSTREAM, LP; [230719] DUKE ENERGY FIELD SERVICES, LP; [195959] DCP OPERATING COMPANY, LP; [319471] GPM GAS CORPORATION; [319468] GPM GAS COMPANY, LLC; [661637] PHILLIPS 66 NATURAL GAS COMPANY"
CH4_1B2_250m_-102.55513_31.89377?bbox=-106.65&bbox=25.84&bbox=-93.51&bbox=36.5&datetime=2025-01-01T00%3A00%3A00Z%2F..&plume_gas=CH4,255.0335971502876,765.1,1,2025-03-21,2025-03-21,31.89377,-102.55513,135-34521,"CONTANGO RESOURCES, LLC",100222,0.49,1,1,65.8,"[230719] DUKE ENERGY FIELD SERVICES, LP; [195959] DCP OPERATING COMPANY, LP; [663680] PHILLIPS PETROLEUM COMPANY; [195918] DCP MIDSTREAM, LP; [319471] GPM GAS CORPORATION; [319468] GPM GAS COMPANY, LLC; [661637] PHILLIPS 66 NATURAL GAS COMPANY"
CH4_1B2_250m_-102.62914_31.72722?bbox=-106.65&bbox=25.84&bbox=-93.51&bbox=36.5&datetime=2025-01-01T00%3A00%3A00Z%2F..&plume_gas=CH4,215.83100640705644,647.49,1,2025-03-21,2025-03-21,31.72722,-102.62914,135-36516,"RING ENERGY, INC.",712382,0.26,10,10,74.9,"[195959] DCP OPERATING COMPANY, LP; [230719] DUKE ENERGY FIELD SERVICES, LP; [663680] PHILLIPS PETROLEUM COMPANY; [195918] DCP MIDSTREAM, LP; [661637] PHILLIPS 66 NATURAL GAS COMPANY; [319471] GPM GAS CORPORATION; [319468] GPM GAS COMPANY, LLC"
CH4_1B2_250m_-102.85392_31.62908?bbox=-106.65&bbox=25.84&bbox=-93.51&bbox=36.5&datetime=2025-01-01T00%3A00%3A00Z%2F..&plume_gas=CH4,203.19829053139276,406.4,1,2025-03-21,2025-03-21,31.62908,-102.85392,475-33764,OCCIDENTAL PERMIAN LTD.,617544,0.12,7,7,84.6,"[698769] REGENCY FIELD SERVICES LLC; [709200] RICHARDSON, SID, GASOLINE CO.; [709220] RICHARDSON, SID ENERGY SERV. CO.; [250300] EL PASO NATURAL GAS COMPANY; [805477] SOUTHERN UNION GAS SERVICES, LTD; [18932] AMERICAN PROCESSING, L.P.; [252017] ENERGY TRANSFER COMPANY"
CH4_1B2_250m_-102.63603_31.97770?bbox=-106.65&bbox=25.84&bbox=-93.51&bbox=36.5&datetime=2025-01-01T00%3A00%3A00Z%2F..&plume_gas=CH4,117.9738586647609,353.92,1,2025-03-21,2025-03-21,31.9777,-102.63603,135-6453,MILTEX OIL COMPANY,569415,0.25,10,1,30.2,"[230719] DUKE ENERGY FIELD SERVICES, LP; [195959] DCP OPERATING COMPANY, LP; [663680] PHILLIPS PETROLEUM COMPANY; [195918] DCP MIDSTREAM, LP; [319471] GPM GAS CORPORATION; [319468] GPM GAS COMPANY, LLC; [661637] PHILLIPS 66 NATURAL GAS COMPANY"
CH4_1B2_250m_-102.63376_31.93090?bbox=-106.65&bbox=25.84&bbox=-93.51&bbox=36.5&datetime=2025-01-01T00%3A00%3A00Z%2F..&plume_gas=CH4,115.61447049225383,346.84,1,2025-03-21,2025-03-21,31.9309,-102.63376,135-922,HILCORP ENERGY COMPANY,386310,0.16,10,10,81.9,"[230719] DUKE ENERGY FIELD SERVICES, LP; [195959] DCP OPERATING COMPANY, LP; [663680] PHILLIPS PETROLEUM COMPANY; [195918] DCP MIDSTREAM, LP; [319471] GPM GAS CORPORATION; [319468] GPM GAS COMPANY, LLC; [661637] PHILLIPS 66 NATURAL GAS COMPANY; [429665] JAMES LAKE MIDSTREAM LLC"
CH4_1B2_250m_-102.65041_31.53743?bbox=-106.65&bbox=25.84&bbox=-93.51&bbox=36.5&datetime=2025-01-01T00%3A00%3A00Z%2F..&plume_gas=CH4,100.78410812229271,302.35,1,2025-03-21,2025-03-21,31.53743,-102.65041,103-32011,"BLACKBEARD OPERATING, LLC",73056,0.01,29,29,89.1,"[897999] WARREN PETROLEUM COMPANY, LP; [237948] DYNEGY MIDSTREAM SERVICES, LP; [836037] TARGA MIDSTREAM SERVICES LLC; [195959] DCP OPERATING COMPANY, LP; [836033] TARGA MIDSTREAM SERVICES LP; [665683] PINNACLE NATURAL GAS COMPANY; [252017] ENERGY TRANSFER COMPANY; [898000] WARREN PETROLEUM COMPANY"
CH4_1B2_250m_-101.19915_31.20977?bbox=-106.65&bbox=25.84&bbox=-93.51&bbox=36.5&datetime=2025-01-01T00%3A00%3A00Z%2F..&plume_gas=CH4,621.1182415185054,1242.24,1,2025-03-19,2025-03-19,31.20977,-101.19915,235-36392,"PERMIAN RESOURCES OPERATING, LLC",100852,0.13,6,6,84.0,"[166221] COGENT MIDSTREAM WESTEX, LLC"
CH4_1B2_250m_-99.59756_28.34402?bbox=-106.65&bbox=25.84&bbox=-93.51&bbox=36.5&datetime=2025-01-01T00%3A00%3A00Z%2F..&plume_gas=CH4,362.5456231885779,362.55,1,2025-03-10,2025-03-10,28.34402,-99.59756,127-37322,MURPHY EXPL. & PROD. CO. - USA,594675,0.25,7,3,47.2,[139683] CASTLETON COMMOD MERCH TRDG L.P.
CH4_1B2_250m_-97.39528_29.20511?bbox=-106.65&bbox=25.84&bbox=-93.51&bbox=36.5&datetime=2025-01-01T00%3A00%3A00Z%2F..&plume_gas=CH4,894.5355129984155,894.54,1,2025-03-08,2025-03-08,29.20511,-97.39528,123-34414,BURLINGTON RESOURCES O & G CO LP,109333,0.1,1,1,92.7,[172232] CONOCOPHILLIPS COMPANY
CH4_1B2_250m_-103.17327_31.34327?bbox=-106.65&bbox=25.84&bbox=-93.51&bbox=36.5&datetime=2025-01-01T00%3A00%3A00Z%2F..&plume_gas=CH4,519.3728717453672,2077.49,1,2025-03-07,2025-03-07,31.34327,-103.17327,389-35859,DIAMONDBACK E&P LLC,217012,0.15,4,4,86.4,"[238465] EAGLECLAW MIDSTREAM VENTURES,LLC"
CH4_1B2_250m_-103.15445_31.66978?bbox=-106.65&bbox=25.84&bbox=-93.51&bbox=36.5&datetime=2025-01-01T00%3A00%3A00Z%2F..&plume_gas=CH4,289.6045209261397,579.21,1,2025-03-07,2025-03-07,31.66978,-103.15445,495-32721,"JETTA OPERATING COMPANY, INC.",432283,0.08,1,1,94.5,"[337106] GRUY PETROLEUM MANAGEMENT CO.; [153429] CIMAREX ENERGY CO. OF COLORADO; [897999] WARREN PETROLEUM COMPANY, LP; [237948] DYNEGY MIDSTREAM SERVICES, LP; [252017] ENERGY TRANSFER COMPANY"
CH4_1B2_250m_-103.21230_31.67905?bbox=-106.65&bbox=25.84&bbox=-93.51&bbox=36.5&datetime=2025-01-01T00%3A00%3A00Z%2F..&plume_gas=CH4,187.4100533112605,374.82,1,2025-03-07,2025-03-07,31.67905,-103.2123,495-32571,"CONTINENTAL RESOURCES, INC.",173777,0.42,3,2,51.1,"[195959] DCP OPERATING COMPANY, LP; [230719] DUKE ENERGY FIELD SERVICES, LP; [195918] DCP MIDSTREAM, LP; [230721] DUKE ENERGY FLD SRVCS ASSETS LLC; [637947] PANENERGY FIELD SERVICES, INC.; [230767] DUKE ENERGY FIELD SERVICES, INC."
CH4_1B2_250m_-103.11050_31.32147?bbox=-106.65&bbox=25.84&bbox=-93.51&bbox=36.5&datetime=2025-01-01T00%3A00%3A00Z%2F..&plume_gas=CH4,130.64906797011386,391.95,1,2025-03-07,2025-03-07,31.32147,-103.1105,389-31279,"JETTA OPERATING COMPANY, INC.",432283,0.19,5,5,83.9,"[898000] WARREN PETROLEUM COMPANY; [89903] BRAZOS MIDSTREAM OPERATING, LLC; [864950] TRANSWESTERN PIPE LINE CO.; [698763] REGENCY GAS SERVICES WAHA, LP; [252017] ENERGY TRANSFER COMPANY; [230700] DUKE ENERGY GATH. & PROC., L.P.; [230719] DUKE ENERGY FIELD SERVICES, LP; [698769] REGENCY FIELD SERVICES LLC; [148113] CHEVRON U. S. A. INC.; [292232] G P II ENERGY, INC."
CH4_1B2_250m_-103.07601_31.27666?bbox=-106.65&bbox=25.84&bbox=-93.51&bbox=36.5&datetime=2025-01-01T00%3A00%3A00Z%2F..&plume_gas=CH4,61.00871953099925,244.03,1,2025-03-07,2025-03-07,31.27666,-103.07601,371-10078,SUN EXPL. & PROD. CO.-MIDLAND,829445,0.53,1,1,65.0,NULL
CH4_1B2_250m_-103.10912_31.27482?bbox=-106.65&bbox=25.84&bbox=-93.51&bbox=36.5&datetime=2025-01-01T00%3A00%3A00Z%2F..&plume_gas=CH4,44.72095252559133,178.88,1,2025-03-07,2025-03-07,31.27482,-103.10912,389-31429,ENTERPRISE PRODUCTS OPERATINGLLC,253368,0.35,1,1,75.4,NULL
CH4_1B2_250m_-99.36708_28.77360?bbox=-106.65&bbox=25.84&bbox=-93.51&bbox=36.5&datetime=2025-01-01T00%3A00%3A00Z%2F..&plume_gas=CH4,262.13123922979116,786.39,1,2025-02-17,2025-02-17,28.7736,-99.36708,163-33489,"TRAILBLAZER ENERGY RESOURCES,LLC",100797,0.1,2,2,89.7,"[125941] CALPINE ENERGY SERVICES, L.P.; [100585] TARGA FRIO LASALLE PIPELINE LP; [100596] TARGA SOUTHTEX MIDSTREAM MARKETI; [252017] ENERGY TRANSFER COMPANY; [100883] ET GATHERING & PROCESSING LLC"
CH4_1B2_250m_-99.34995_28.78067?bbox=-106.65&bbox=25.84&bbox=-93.51&bbox=36.5&datetime=2025-01-01T00%3A00%3A00Z%2F..&plume_gas=CH4,248.63725748932345,372.96,2,2025-02-01,2025-02-17,28.78067,-99.34995,163-33388,"TRAILBLAZER ENERGY RESOURCES,LLC",100797,0.34,1,1,76.4,"[252017] ENERGY TRANSFER COMPANY; [100585] TARGA FRIO LASALLE PIPELINE LP; [100596] TARGA SOUTHTEX MIDSTREAM MARKETI; [125941] CALPINE ENERGY SERVICES, L.P.; [100883] ET GATHERING & PROCESSING LLC"
CH4_1B2_250m_-103.83013_31.94305?bbox=-106.65&bbox=25.84&bbox=-93.51&bbox=36.5&datetime=2025-01-01T00%3A00%3A00Z%2F..&plume_gas=CH4,220.39384594643607,1101.97,1,2025-02-14,2025-02-14,31.94305,-103.83013,301-30899,"WPX ENERGY PERMIAN, LLC",942623,0.37,2,2,71.1,"[211545] DELAWARE NATURAL GAS COMPANY,INC; [709200] RICHARDSON, SID, GASOLINE CO.; [709220] RICHARDSON, SID ENERGY SERV. CO.; [148113] CHEVRON U. S. A. INC.; [509364] LOUIS DREYFUS ENERGY SERVICES LP; [617543] OCCIDENTAL ENERGY MARKETING,INC.; [144535] CHAPARRAL ENERGY, L.L.C.; [172230] CONOCO INC.; [558223] MEDALLION DELAWARE BASIN, LLC; [862786] TOTAL GAS & POWER NA, INC."
CH4_1B2_250m_-103.85706_31.87060?bbox=-106.65&bbox=25.84&bbox=-93.51&bbox=36.5&datetime=2025-01-01T00%3A00%3A00Z%2F..&plume_gas=CH4,NULL,NULL,1,2025-02-14,2025-02-14,31.8706,-103.85706,389-676,SNOW OIL & GAS INC.,798635,0.18,1,1,87.7,NULL
CH4_1B2_250m_-103.70014_31.98178?bbox=-106.65&bbox=25.84&bbox=-93.51&bbox=36.5&datetime=2025-01-01T00%3A00%3A00Z%2F..&plume_gas=CH4,233.06071633854899,699.18,1,2025-01-29,2025-01-29,31.98178,-103.70014,301-35305,"NGL WATER SOLUTIONS PERMIAN, LLC",609265,0.47,1,1,66.9,NULL
CH4_1B2_250m_-103.70916_31.71263?bbox=-106.65&bbox=25.84&bbox=-93.51&bbox=36.5&datetime=2025-01-01T00%3A00%3A00Z%2F..&plume_gas=CH4,215.9697459766065,647.91,1,2025-01-29,2025-01-29,31.71263,-103.70916,389-36769,ANADARKO E&P ONSHORE LLC,20528,0.43,2,2,67.0,[20548] ANADARKO ENERGY SERVICES COMPANY
CH4_1B2_250m_-103.90176_31.77344?bbox=-106.65&bbox=25.84&bbox=-93.51&bbox=36.5&datetime=2025-01-01T00%3A00%3A00Z%2F..&plume_gas=CH4,109.17516175742989,436.7,1,2025-01-29,2025-01-29,31.77344,-103.90176,389-39485,WES WATER HOLDINGS LLC,101366,0.37,1,1,74.3,NULL
CH4_1B2_250m_-103.82832_31.91985?bbox=-106.65&bbox=25.84&bbox=-93.51&bbox=36.5&datetime=2025-01-01T00%3A00%3A00Z%2F..&plume_gas=CH4,37.77440190076622,188.87,1,2025-01-29,2025-01-29,31.91985,-103.82832,301-31152,"WPX ENERGY PERMIAN, LLC",942623,0.46,3,3,65.0,"[172232] CONOCOPHILLIPS COMPANY; [617543] OCCIDENTAL ENERGY MARKETING,INC.; [148113] CHEVRON U. S. A. INC.; [509364] LOUIS DREYFUS ENERGY SERVICES LP; [862786] TOTAL GAS & POWER NA, INC.; [558223] MEDALLION DELAWARE BASIN, LLC; [253368] ENTERPRISE PRODUCTS OPERATINGLLC"
CH4_1B2_250m_-101.83145_32.29345?bbox=-106.65&bbox=25.84&bbox=-93.51&bbox=36.5&datetime=2025-01-01T00%3A00%3A00Z%2F..&plume_gas=CH4,770.94377042499,2312.83,1,2025-01-01,2025-01-01,32.29345,-101.83145,317-35651,SCOUT ENERGY MANAGEMENT LLC,760218,0.09,5,4,80.9,"[945227] WTG GAS PROCESSING, L.P.; [102508] ETC SOUTH PERMIAN MIDSTREAM LLC; [945219] WTG SOUTH PERMIAN MIDSTREAM LLC"
CH4_1B2_250m_-101.63211_32.38669?bbox=-106.65&bbox=25.84&bbox=-93.51&bbox=36.5&datetime=2025-01-01T00%3A00%3A00Z%2F..&plume_gas=CH4,552.075008024303,552.08,1,2025-01-01,2025-01-01,32.38669,-101.63211,227-37521,SCOUT ENERGY MANAGEMENT LLC,760218,0.35,5,5,72.5,"[195959] DCP OPERATING COMPANY, LP; [195918] DCP MIDSTREAM, LP"
CH4_1B2_250m_-101.67647_32.27605?bbox=-106.65&bbox=25.84&bbox=-93.51&bbox=36.5&datetime=2025-01-01T00%3A00%3A00Z%2F..&plume_gas=CH4,347.0635503403419,347.06,1,2025-01-01,2025-01-01,32.27605,-101.67647,227-37371,SCOUT ENERGY MANAGEMENT LLC,760218,0.21,6,4,61.7,"[195959] DCP OPERATING COMPANY, LP; [195918] DCP MIDSTREAM, LP"
CH4_1B2_250m_-101.75480_32.42265?bbox=-106.65&bbox=25.84&bbox=-93.51&bbox=36.5&datetime=2025-01-01T00%3A00%3A00Z%2F..&plume_gas=CH4,201.38150055792303,402.76,1,2025-01-01,2025-01-01,32.42265,-101.7548,317-38112,DIAMONDBACK E&P LLC,217012,0.31,3,3,75.1,"[195918] DCP MIDSTREAM, LP; [195959] DCP OPERATING COMPANY, LP; [601188] NAVITAS MDSTR MIDLAND BASIN, LLC; [253368] ENTERPRISE PRODUCTS OPERATINGLLC; [100348] ENT NAVITAS MDSTRM MDLND BAS LLC"
CH4_1B2_250m_-101.78209_32.32743?bbox=-106.65&bbox=25.84&bbox=-93.51&bbox=36.5&datetime=2025-01-01T00%3A00%3A00Z%2F..&plume_gas=CH4,181.00793847676343,362.02,1,2025-01-01,2025-01-01,32.32743,-101.78209,317-41761,DIAMONDBACK E&P LLC,217012,0.22,6,6,77.6,"[945227] WTG GAS PROCESSING, L.P."
CH4_1B2_250m_-101.96176_31.81086?bbox=-106.65&bbox=25.84&bbox=-93.51&bbox=36.5&datetime=2025-01-01T00%3A00%3A00Z%2F..&plume_gas=CH4,154.30353449246104,462.91,1,2025-01-01,2025-01-01,31.81086,-101.96176,329-34948,"PIONEER NATURAL RES. USA, INC.",665748,0.12,7,7,84.7,"[836041] TARGA PL MID-CONT WESTTEX LLC; [36586] ATLAS PL MID-CONT. WESTTEX, LLC; [913450] WGR, INC."
CH4_1B2_250m_-101.77713_32.20782?bbox=-106.65&bbox=25.84&bbox=-93.51&bbox=36.5&datetime=2025-01-01T00%3A00%3A00Z%2F..&plume_gas=CH4,96.70568337968795,386.82,1,2025-01-01,2025-01-01,32.20782,-101.77713,317-40742,"CIVITAS PERMIAN OPERATING, LLC",101577,0.05,14,13,82.9,"[836041] TARGA PL MID-CONT WESTTEX LLC; [195959] DCP OPERATING COMPANY, LP"
CH4_1B2_250m_-101.76168_32.20938?bbox=-106.65&bbox=25.84&bbox=-93.51&bbox=36.5&datetime=2025-01-01T00%3A00%3A00Z%2F..&plume_gas=CH4,78.68534837711918,314.74,1,2025-01-01,2025-01-01,32.20938,-101.76168,317-44045,"CIVITAS PERMIAN OPERATING, LLC",101577,0.06,14,13,82.1,[945219] WTG SOUTH PERMIAN MIDSTREAM LLC; [252017] ENERGY TRANSFER COMPANY
