id,operator,rate_avg_kg_hr,rate_detected_kg_hr,rate_uncertainty_kg_hr,plume_count,timestamp_min,timestamp_max,latitude,longitude,nearest_facility_id,nearest_facility_type,facility_subtype,distance_to_nearest_facility_km,total_facilities_within_750m,operator_facilities_of_type,confidence_score,lng_matches,lng_seller_count
CH4_1B2_250m_-103.89468_31.86889,BPX OPERATING COMPANY,138.5128833873574,415.54,34.37831094276605,1,2025-08-27,2025-08-27,31.868885796563305,-103.89468119913785,389-34315,well,NULL,0.12902319757621156,2,1,66.0,"purchaser: CIMA ENERGY, LTD. → CIMA Energy, LP (0.951); purchaser: BP ENERGY CO. → BP Energy Company (0.926); purchaser: CASTLETON COMMOD MERCH TRDG L.P. → Castleton Commodities Merchant Trading L.P. (0.924); purchaser: CIMA ENERGY, LTD. → Cimarex Energy Co. (0.882)",4
CH4_1B2_250m_-103.84623_31.89895,"WPX ENERGY PERMIAN, LLC",88.53404562991983,354.14,26.725912231841917,1,2025-08-27,2025-08-27,31.898954699714835,-103.84622571505592,301-31198,well,NULL,0.16594465316947518,10,8,76.3,"purchaser: CHEVRON U. S. A. INC. → Chevron U.S.A. Inc (""Chevron"") (0.866)",1
CH4_1B2_250m_-99.22104_28.18256,"LEWIS PETRO PROPERTIES, INC.",2503.888320266254,3755.83,279.11382045686395,2,2025-08-18,2025-08-25,28.182555513110167,-99.22104108014263,283-31017,well,NULL,0.12661860183838602,5,1,48.1,"purchaser: ENTERPRISE PRODUCTS OPERATINGLLC → Enterprise Products Operating LLC (0.994); purchaser: HOUSTON PIPE LINE COMPANY → Houston Pipe Line Company, LP (0.972); purchaser: HOUSTON PIPE LINE COMPANY → Houston Pipe Line Company LP (""HPL"") (0.939); purchaser: ENTERPRISE HYDROCARBONS, L.P. → Enterprise Products Operating LLC (0.855)",3
CH4_1B2_250m_-99.22733_28.19447,SILVER PINES ENERGY CORP.,681.5576522347031,1363.12,132.16004681555305,1,2025-08-25,2025-08-25,28.194473501883238,-99.22733157086402,283-30938,well,NULL,0.41448605873020217,1,1,80.7,"purchaser: HOUSTON PIPE LINE COMPANY → Houston Pipe Line Company, LP (0.972); purchaser: HOUSTON PIPE LINE COMPANY → Houston Pipe Line Company LP (""HPL"") (0.939)",2
CH4_1B2_250m_-103.63688_31.72377,APACHE CORPORATION,NULL,NULL,NULL,1,2025-08-22,2025-08-22,31.723766213822344,-103.636876401154,301-33035,well,NULL,0.40200640115434144,8,7,69.0,"operator: APACHE CORPORATION → Apache Corporation (1.0)",1
CH4_1B2_250m_-99.23568_28.18705,"LEWIS PETRO PROPERTIES, INC.",177.13763189298749,354.28,61.78248617059063,1,2025-08-18,2025-08-18,28.187046627558317,-99.23568345179727,283-32056,well,NULL,0.6632686717453107,2,1,41.0,"purchaser: HOUSTON PIPE LINE COMPANY LP → Houston Pipe Line Company, LP (0.993); purchaser: HOUSTON PIPE LINE COMPANY LP → Houston Pipe Line Company LP (""HPL"") (0.956)",2
CH4_1B2_250m_-101.77250_31.84477,"OXYROCK OPERATING, LLC",654.7630418960449,654.76,153.3711908375568,4,2025-01-01,2025-08-13,31.84476842199753,-101.77250284587188,173-31036,well,NULL,0.12806152634486528,6,5,79.7,"purchaser: ENTERPRISE M B MIDSTREAM LLC → Enterprise Products Operating LLC (0.86)",1
CH4_1B2_250m_-101.77634_31.90913,"CIVITAS PERMIAN OPERATING, LLC",174.325732392883,261.49,57.31908113056022,2,2025-07-30,2025-08-13,31.909129525298344,-101.77634441360853,329-40447,well,NULL,0.13203985455707629,24,22,80.7,"purchaser: ENTERPRISE PRODUCTS OPERATINGLLC → Enterprise Products Operating LLC (0.994)",1
CH4_1B2_250m_-101.78864_31.73287,"PIONEER NATURAL RES. USA, INC.",123.39515817819964,123.4,47.399343497801894,4,2025-01-01,2025-08-13,31.732867744050267,-101.78863549463341,329-32572,well,NULL,0.4493182524553469,3,2,59.4,"operator: PIONEER NATURAL RES. USA, INC. → Pioneer Natural Resources USA, Inc. (0.945)",1
CH4_1B2_250m_-101.73296_31.89715,"PIONEER NATURAL RES. USA, INC.",121.87592050292695,182.81,26.958825067402163,2,2025-07-30,2025-08-13,31.897152880037254,-101.7329552573602,173-35978,well,NULL,0.3851422692642233,8,4,51.0,"operator: PIONEER NATURAL RES. USA, INC. → Pioneer Natural Resources USA, Inc. (0.945)",1
CH4_1B2_250m_-101.70091_31.89023,"PIONEER NATURAL RES. USA, INC.",NULL,NULL,NULL,2,2025-07-30,2025-08-13,31.890226892927696,-101.70090796049034,173-36480,well,NULL,0.37801746193376595,6,4,59.7,"operator: PIONEER NATURAL RES. USA, INC. → Pioneer Natural Resources USA, Inc. (0.945)",1
CH4_1B2_250m_-103.09508_31.27447,"E.G.L. RESOURCES, INC.",420.1543552367459,560.21,72.49235636853342,3,2025-03-07,2025-08-08,31.274470733880815,-103.0950753042274,371-37148,well,NULL,0.6184685725277507,1,1,71.1,"operator: E.G.L. RESOURCES, INC. → EOG Resources, Inc. (0.88)",1
CH4_1B2_250m_-103.21905_31.43250,"VITAL ENERGY, INC.",401.1217012926364,401.12,91.63880020985123,4,2025-03-07,2025-08-08,31.432502966778998,-103.21904842073498,475-36820,well,NULL,0.04391034304564694,17,14,80.1,"purchaser: TARGA PERMIAN LP → Targa Gas Marketing LLC (0.854)",1
CH4_1B2_250m_-101.82003_32.32707,XTO ENERGY INC.,667.0305831724816,667.03,130.57213851240385,2,2025-01-01,2025-08-06,32.3270678164149,-101.82003464169179,317-42332,well,NULL,0.38821841073923563,11,6,50.2,"operator: XTO ENERGY INC. → XTO Energy Inc. (f/k/a Cross Timbers Energy Services, Inc.) (0.851)",1
CH4_1B2_250m_-101.90261_32.24427,"PIONEER NATURAL RES. USA, INC.",332.7318081147564,443.64,70.07131317111777,3,2025-07-09,2025-08-06,32.24426686080077,-101.90260560933426,317-41283,well,NULL,0.6223817921710593,5,5,65.0,"operator: PIONEER NATURAL RES. USA, INC. → Pioneer Natural Resources USA, Inc. (0.945)",1
CH4_1B2_250m_-101.82429_32.09083,"PIONEER NATURAL RES. USA, INC.",74.51507006837366,298.06,32.027407715862424,1,2025-08-06,2025-08-06,32.0908345001082,-101.8242871299258,317-33933,well,NULL,0.2702275994382099,5,2,51.4,"operator: PIONEER NATURAL RES. USA, INC. → Pioneer Natural Resources USA, Inc. (0.945)",1
CH4_1B2_250m_-101.90522_32.24382,"PIONEER NATURAL RES. USA, INC.",64.22630899387491,256.91,21.18752738395225,1,2025-08-06,2025-08-06,32.243815782888085,-101.90521692131139,317-41279,well,NULL,0.58764923626871,5,5,66.6,"operator: PIONEER NATURAL RES. USA, INC. → Pioneer Natural Resources USA, Inc. (0.945)",1
CH4_1B2_250m_-102.92488_31.53254,CHEVRON U. S. A. INC.,675.0516466365793,675.05,191.745499428244,1,2025-08-01,2025-08-01,31.5325416079215,-102.92488255314242,475-31935,well,NULL,0.6920444797815338,1,1,67.7,"operator: CHEVRON U. S. A. INC. → Chevron U.S.A. Inc (""Chevron"") (0.866)",1
CH4_1B2_250m_-101.78398_31.83256,"PIONEER NATURAL RES. USA, INC.",1669.8330622825442,1669.83,611.0731999607316,2,2025-04-30,2025-07-30,31.832559557586592,-101.7839762273442,329-32064,well,NULL,0.2870523846766064,2,2,83.6,"operator: PIONEER NATURAL RES. USA, INC. → Pioneer Natural Resources USA, Inc. (0.945)",1
CH4_1B2_250m_-101.86147_31.85875,DIAMONDBACK E&P LLC,671.2412003644512,1006.86,124.02023148803248,2,2025-05-21,2025-07-30,31.858750430669797,-101.86146682527705,329-43133,well,NULL,0.6281751582106814,9,9,64.7,"purchaser: ENTERPRISE PRODUCTS OPERATINGLLC → Enterprise Products Operating LLC (0.994)",1
CH4_1B2_250m_-101.79725_31.91430,"PIONEER NATURAL RES. USA, INC.",255.1505392463003,1020.6,34.92506407000129,1,2025-07-30,2025-07-30,31.914302003809098,-101.79725290234752,329-33567,well,NULL,0.27894142321562604,7,6,73.8,"operator: PIONEER NATURAL RES. USA, INC. → Pioneer Natural Resources USA, Inc. (0.945)",1
CH4_1B2_250m_-101.76864_31.64940,"PIONEER NATURAL RES. USA, INC.",218.26675152022517,436.53,37.53495140002915,1,2025-07-30,2025-07-30,31.649397300501704,-101.76863851359848,383-34610,well,NULL,0.17455243109884874,8,6,73.4,"operator: PIONEER NATURAL RES. USA, INC. → Pioneer Natural Resources USA, Inc. (0.945)",1
CH4_1B2_250m_-101.72797_31.94149,XTO ENERGY INC.,171.37690557859275,342.75,65.48739008640734,1,2025-07-30,2025-07-30,31.94148603587044,-101.72797184665502,173-33526,well,NULL,0.37651637153259687,18,15,65.1,"operator: XTO ENERGY INC. → XTO Energy Inc. (f/k/a Cross Timbers Energy Services, Inc.) (0.851)",1
CH4_1B2_250m_-101.74676_31.94553,XTO ENERGY INC.,165.99500761725173,331.99,70.6220227955252,1,2025-07-30,2025-07-30,31.945531717118627,-101.74675860941214,173-33614,well,NULL,0.4578451191140294,7,3,44.1,"operator: XTO ENERGY INC. → XTO Energy Inc. (f/k/a Cross Timbers Energy Services, Inc.) (0.851)",1
CH4_1B2_250m_-101.74906_31.85215,"PIONEER NATURAL RES. USA, INC.",NULL,NULL,NULL,1,2025-07-30,2025-07-30,31.852151894108495,-101.74905713864149,173-31492,well,NULL,0.060908019280982134,33,2,40.2,"operator: PIONEER NATURAL RES. USA, INC. → Pioneer Natural Resources USA, Inc. (0.945)",1
CH4_1B2_250m_-101.79967_31.73861,"PIONEER NATURAL RES. USA, INC.",NULL,NULL,NULL,1,2025-07-30,2025-07-30,31.738609959318126,-101.7996723455847,329-35386,well,NULL,0.14830616773834732,8,8,87.1,"operator: PIONEER NATURAL RES. USA, INC. → Pioneer Natural Resources USA, Inc. (0.945)",1
CH4_1B2_250m_-102.02808_31.79504,DIAMONDBACK E&P LLC,426.56535919255504,639.85,100.73426152600807,2,2025-05-21,2025-07-23,31.795037533928873,-102.0280811516976,329-35111,well,NULL,0.3907893664384861,9,8,70.2,"purchaser: CHEVRON U. S. A. INC. → Chevron U.S.A. Inc (""Chevron"") (0.866)",1
CH4_1B2_250m_-101.97001_31.72243,DIAMONDBACK E&P LLC,291.4690128463029,291.47,114.07392321013737,2,2025-05-21,2025-07-23,31.7224278084372,-101.97000782759791,329-35082,well,NULL,0.11192030413880782,28,4,42.9,"purchaser: CHEVRON U. S. A. INC. → Chevron U.S.A. Inc (""Chevron"") (0.866)",1
CH4_1B2_250m_-101.86959_31.91082,"OXYROCK OPERATING, LLC",209.12189352314746,627.37,23.872344901854856,1,2025-07-23,2025-07-23,31.910821322930385,-101.86958556929255,329-40544,well,NULL,0.0850572845434962,41,40,84.8,"purchaser: ENTERPRISE PRODUCTS OPERATINGLLC → Enterprise Products Operating LLC (0.994)",1
CH4_1B2_250m_-102.04166_31.73174,DIAMONDBACK E&P LLC,180.65733296779783,541.97,56.79817760935861,1,2025-07-23,2025-07-23,31.73174474480306,-102.04165945396838,329-35627,well,NULL,0.35127537280620175,5,2,47.6,"purchaser: CHEVRON U. S. A. INC. → Chevron U.S.A. Inc (""Chevron"") (0.866)",1
CH4_1B2_250m_-101.90970_31.89876,"PIONEER NATURAL RES. USA, INC.",NULL,NULL,NULL,1,2025-07-23,2025-07-23,31.898763545778998,-101.90969777808813,329-37189,well,NULL,0.3164211344106228,32,30,72.1,"operator: PIONEER NATURAL RES. USA, INC. → Pioneer Natural Resources USA, Inc. (0.945)",1
CH4_1B2_250m_-101.98131_32.26513,"PIONEER NATURAL RES. USA, INC.",1531.7245426261816,1531.72,224.46042674704532,1,2025-07-16,2025-07-16,32.26512781568077,-101.98130862698726,317-40729,well,NULL,0.2717745901660677,16,16,78.3,"operator: PIONEER NATURAL RES. USA, INC. → Pioneer Natural Resources USA, Inc. (0.945)",1
CH4_1B2_250m_-102.00725_32.26034,"PIONEER NATURAL RES. USA, INC.",701.299472691021,701.3,219.91269927218664,1,2025-07-16,2025-07-16,32.26033603295696,-102.0072516069318,317-36045,well,NULL,0.33124796259243977,20,2,30.5,"operator: PIONEER NATURAL RES. USA, INC. → Pioneer Natural Resources USA, Inc. (0.945)",1
CH4_1B2_250m_-103.78826_31.78059,SHELL WESTERN E&P,203.97845192131172,407.96,86.11185312185027,1,2025-07-11,2025-07-11,31.780589766836698,-103.78826164431182,301-32244,well,NULL,0.031803923581041005,2,2,95.5,"purchaser: SHELL ENERGY NORTH AM. (US), LP → Shell Energy North America (US), L.P. (0.942)",1
CH4_1B2_250m_-101.88574_31.93886,"PIONEER NATURAL RES. USA, INC.",332.22933624106815,996.69,69.07001941964045,1,2025-07-09,2025-07-09,31.93886039780059,-101.88573644812618,329-37305,well,NULL,0.1874951472987718,15,12,72.3,"operator: PIONEER NATURAL RES. USA, INC. → Pioneer Natural Resources USA, Inc. (0.945)",1
CH4_1B2_250m_-101.90452_32.24152,"PIONEER NATURAL RES. USA, INC.",134.6801830775783,538.72,37.44051513947897,1,2025-07-09,2025-07-09,32.241515530593695,-101.90451594290369,317-41281,well,NULL,0.32108604558676607,6,5,70.7,"operator: PIONEER NATURAL RES. USA, INC. → Pioneer Natural Resources USA, Inc. (0.945)",1
CH4_1B2_250m_-101.72898_32.17965,"PIONEER NATURAL RES. USA, INC.",100.74222934846054,201.48,37.51199138856506,1,2025-07-09,2025-07-09,32.179650990456885,-101.72898206843898,317-33167,well,NULL,0.23291250783558592,9,6,66.5,"operator: PIONEER NATURAL RES. USA, INC. → Pioneer Natural Resources USA, Inc. (0.945)",1
CH4_1B2_250m_-101.86902_31.97491,"PIONEER NATURAL RES. USA, INC.",100.59754235916746,301.79,26.386269814214383,1,2025-07-09,2025-07-09,31.974908776690988,-101.86901842535393,329-34786,well,NULL,0.10987432896118278,29,11,54.8,"operator: PIONEER NATURAL RES. USA, INC. → Pioneer Natural Resources USA, Inc. (0.945)",1
CH4_1B2_250m_-101.84924_31.88703,DIAMONDBACK E&P LLC,58.711531789681366,234.85,18.889199624037477,1,2025-07-09,2025-07-09,31.887030874270177,-101.8492431291754,329-41679,well,NULL,0.1114637648719785,30,22,72.5,"purchaser: ENTERPRISE PRODUCTS OPERATINGLLC → Enterprise Products Operating LLC (0.994)",1
CH4_1B2_250m_-101.91358_32.21219,"PIONEER NATURAL RES. USA, INC.",34.5250604254829,138.1,12.734374864296022,1,2025-07-09,2025-07-09,32.21219237347413,-101.91358250563408,317-37214,well,NULL,0.3300861855219134,3,3,81.6,"operator: PIONEER NATURAL RES. USA, INC. → Pioneer Natural Resources USA, Inc. (0.945)",1
CH4_1B2_250m_-104.15430_31.99718,CHEVRON U. S. A. INC.,38.55672522992885,115.67,20.331265911038116,1,2025-07-04,2025-07-04,31.997175233552195,-104.15429593187511,109-32788,well,NULL,0.2855229580350311,5,5,80.7,"operator: CHEVRON U. S. A. INC. → Chevron U.S.A. Inc (""Chevron"") (0.866); purchaser: CHEVRON U. S. A. INC. → Chevron U.S.A. Inc (""Chevron"") (0.866)",1
CH4_1B2_250m_-99.45098_28.43460,INEOS USA OIL & GAS LLC,388.40277145391786,1165.21,65.48322605633389,1,2025-06-30,2025-06-30,28.434598641800036,-99.45098384695487,127-36942,well,NULL,0.13522457848567707,10,10,87.7,"purchaser: CHESAPEAKE ENERGY MKTG, L.L.C. → Chesapeake Energy Marketing, LLC (0.949)",1
CH4_1B2_250m_-103.22874_31.51353,APACHE CORPORATION,205.58248232973267,274.11,83.53436997828639,3,2025-03-07,2025-06-20,31.51352691379638,-103.22873791762521,475-34248,well,NULL,0.20091380482244148,16,15,78.5,"operator: APACHE CORPORATION → Apache Corporation (1.0)",1
CH4_1B2_250m_-100.05069_28.42254,"GRIT OIL & GAS MANAGEMENT, LLC",186.64192262798613,746.57,34.89479040849981,1,2025-06-11,2025-06-11,28.422543676339785,-100.05068869309062,127-38581,well,NULL,0.080545209130573,9,8,84.7,"purchaser: BP ENERGY CO. → BP Energy Company (0.926)",1
CH4_1B2_250m_-100.09553_28.25401,"GRIT OIL & GAS MANAGEMENT, LLC",183.35407976060225,733.42,61.078471900248076,1,2025-06-11,2025-06-11,28.254013604265452,-100.095525589954,127-33774,well,NULL,0.11365342588853285,10,5,63.7,"purchaser: ENTERPRISE PRODUCTS OPERATINGLLC → Enterprise Products Operating LLC (0.994); purchaser: BP ENERGY CO. → BP Energy Company (0.926); purchaser: TEXAS GAS MARKETING LLC → Targa Gas Marketing LLC (0.862)",3
CH4_1B2_250m_-102.18897_31.56301,SM ENERGY COMPANY,71.80588082390918,143.61,14.572507426061831,1,2025-05-28,2025-05-28,31.563010091298096,-102.18896816631673,461-32387,well,NULL,0.2166524577124941,12,1,35.1,"operator: SM ENERGY COMPANY → BP Energy Company (0.922)",1
CH4_1B2_250m_-102.17594_31.73262,APACHE CORPORATION,NULL,NULL,NULL,1,2025-05-28,2025-05-28,31.732616432508138,-102.17594209156313,329-33913,well,NULL,0.2163908293759475,23,23,80.9,"purchaser: APACHE CORPORATION → Apache Corporation (1.0); operator: APACHE CORPORATION → Apache Corporation (1.0)",1
CH4_1B2_250m_-102.18974_31.64161,"DISCOVERY OPERATING, INC.",NULL,NULL,NULL,1,2025-05-28,2025-05-28,31.64160651285107,-102.18973514957221,461-34341,well,NULL,0.16253243939519782,19,17,78.2,"purchaser: ENTERPRISE PRODUCTS OPERATINGLLC → Enterprise Products Operating LLC (0.994); purchaser: CHEVRON U. S. A. INC. → Chevron U.S.A. Inc (""Chevron"") (0.866)",2
CH4_1B2_250m_-101.99484_31.48281,"PIONEER NATURAL RES. USA, INC.",1649.8614371263404,1649.86,142.11552705336146,1,2025-05-21,2025-05-21,31.482808902255453,-101.9948390371045,461-32648,well,NULL,0.3044171579500015,6,6,79.8,"operator: PIONEER NATURAL RES. USA, INC. → Pioneer Natural Resources USA, Inc. (0.945)",1
CH4_1B2_250m_-101.83047_31.91776,"PIONEER NATURAL RES. USA, INC.",1052.407906488748,4209.63,323.95411946167496,1,2025-05-21,2025-05-21,31.917758997251156,-101.83046531026982,329-36771,well,NULL,0.02457130635332111,19,3,47.7,"operator: PIONEER NATURAL RES. USA, INC. → Pioneer Natural Resources USA, Inc. (0.945)",1
CH4_1B2_250m_-101.98600_31.67350,XTO ENERGY INC.,948.9049103887351,1423.36,153.6978644081163,2,2025-05-07,2025-05-21,31.673501262962084,-101.98599613811177,329-46999,well,NULL,0.29945589045363596,22,18,67.9,"operator: XTO ENERGY INC. → XTO Energy Inc. (f/k/a Cross Timbers Energy Services, Inc.) (0.851)",1
CH4_1B2_250m_-102.08332_31.32085,"EOG RESOURCES, INC.",926.8603437095305,926.86,113.22694430326439,1,2025-05-21,2025-05-21,31.320846330346853,-102.08331602517133,461-34328,well,NULL,0.08399969154371155,6,2,56.7,"operator: EOG RESOURCES, INC. → EOG Resources, Inc. (1.0)",1
CH4_1B2_250m_-101.96579_31.50521,"PIONEER NATURAL RES. USA, INC.",842.289208551636,842.29,181.36151150420986,1,2025-05-21,2025-05-21,31.505206396816174,-101.96579260957797,461-39956,well,NULL,0.01676260504740023,22,22,90.2,"operator: PIONEER NATURAL RES. USA, INC. → Pioneer Natural Resources USA, Inc. (0.945)",1
CH4_1B2_250m_-101.89044_31.68769,"PIONEER NATURAL RES. USA, INC.",492.3534187984526,984.71,101.53828548397131,2,2025-01-01,2025-05-21,31.687694523192746,-101.89044076777627,329-32229,well,NULL,0.41008675497674557,8,5,56.1,"operator: PIONEER NATURAL RES. USA, INC. → Pioneer Natural Resources USA, Inc. (0.945)",1
CH4_1B2_250m_-101.90691_31.82846,"PIONEER NATURAL RES. USA, INC.",204.41040381744722,408.82,115.39000375301615,1,2025-05-21,2025-05-21,31.828459159273905,-101.90690888880957,329-33791,well,NULL,0.2787712264319751,12,12,78.0,"operator: PIONEER NATURAL RES. USA, INC. → Pioneer Natural Resources USA, Inc. (0.945)",1
CH4_1B2_250m_-101.91524_31.56937,APACHE CORPORATION,147.75685144505806,295.51,56.793646038895595,1,2025-05-21,2025-05-21,31.569369985060774,-101.9152382323419,461-35187,well,NULL,0.20048339837897233,16,16,81.6,"operator: APACHE CORPORATION → Apache Corporation (1.0)",1
CH4_1B2_250m_-101.88421_31.86138,XTO ENERGY INC.,146.92830582772962,293.86,69.91567082682184,1,2025-05-21,2025-05-21,31.861380151169772,-101.88421289676346,329-44846,well,NULL,0.5950660179239892,9,8,60.7,"operator: XTO ENERGY INC. → XTO Energy Inc. (f/k/a Cross Timbers Energy Services, Inc.) (0.851)",1
CH4_1B2_250m_-101.97906_31.63379,"PIONEER NATURAL RES. USA, INC.",98.34140948606787,196.68,71.50545918027196,1,2025-05-21,2025-05-21,31.633785878906053,-101.9790597889837,461-39707,well,NULL,0.36026605163716113,4,3,64.7,"operator: PIONEER NATURAL RES. USA, INC. → Pioneer Natural Resources USA, Inc. (0.945)",1
CH4_1B2_250m_-102.07807_31.79954,DIAMONDBACK E&P LLC,614.3225961832245,1228.65,79.53609171238233,1,2025-05-07,2025-05-07,31.79953730259615,-102.07807064478949,329-44025,well,NULL,0.08839270620935359,39,33,78.2,"purchaser: ENTERPRISE M B MIDSTREAM LLC → Enterprise Products Operating LLC (0.86)",1
CH4_1B2_250m_-102.09046_31.79875,APACHE CORPORATION,260.74607448725794,521.49,62.22325346752619,1,2025-05-07,2025-05-07,31.798746016854665,-102.09045810169899,329-34064,well,NULL,0.20112002440036675,43,4,35.3,"operator: APACHE CORPORATION → Apache Corporation (1.0); purchaser: CHEVRON U. S. A. INC. → Chevron U.S.A. Inc (""Chevron"") (0.866)",2
CH4_1B2_250m_-101.99546_31.69644,XTO ENERGY INC.,172.92959889373958,518.79,40.13218527834892,1,2025-05-07,2025-05-07,31.696443908589686,-101.9954566672856,329-40327,well,NULL,0.10042552472258642,22,17,74.9,"operator: XTO ENERGY INC. → XTO Energy Inc. (f/k/a Cross Timbers Energy Services, Inc.) (0.851)",1
CH4_1B2_250m_-101.78062_31.83380,"PIONEER NATURAL RES. USA, INC.",890.579407847027,1781.16,281.4379753320748,1,2025-04-30,2025-04-30,31.833797741237305,-101.78062494230811,329-32064,well,NULL,0.683142064666742,4,3,49.6,"operator: PIONEER NATURAL RES. USA, INC. → Pioneer Natural Resources USA, Inc. (0.945)",1
CH4_1B2_250m_-101.75374_31.52029,"PIONEER NATURAL RES. USA, INC.",200.5561756181635,401.11,94.43542037163783,1,2025-04-30,2025-04-30,31.52028765090506,-101.7537443091705,383-36681,well,NULL,0.17065316381847526,9,9,86.0,"operator: PIONEER NATURAL RES. USA, INC. → Pioneer Natural Resources USA, Inc. (0.945)",1
CH4_1B2_250m_-101.79783_31.73713,"PIONEER NATURAL RES. USA, INC.",116.37793249868591,232.76,46.27175383583006,1,2025-04-30,2025-04-30,31.737128263006866,-101.79783401556496,329-32667,well,NULL,0.24835055213838647,5,5,82.4,"operator: PIONEER NATURAL RES. USA, INC. → Pioneer Natural Resources USA, Inc. (0.945)",1
CH4_1B2_250m_-101.74484_32.03384,"PIONEER NATURAL RES. USA, INC.",82.943659613012,82.94,50.62316744087101,1,2025-04-30,2025-04-30,32.0338444557911,-101.74483805207886,173-38287,well,NULL,0.3147029634665854,22,20,71.8,"operator: PIONEER NATURAL RES. USA, INC. → Pioneer Natural Resources USA, Inc. (0.945)",1
CH4_1B2_250m_-101.72616_31.77336,"CIVITAS PERMIAN OPERATING, LLC",NULL,NULL,NULL,1,2025-04-30,2025-04-30,31.773357322766806,-101.72615655406905,173-37565,well,NULL,0.09527264546347902,40,36,80.6,"purchaser: ENTERPRISE PRODUCTS OPERATINGLLC → Enterprise Products Operating LLC (0.994)",1
CH4_1B2_250m_-101.76632_31.65007,"PIONEER NATURAL RES. USA, INC.",NULL,NULL,NULL,1,2025-04-30,2025-04-30,31.650067424340705,-101.76632374911945,173-32925,well,NULL,0.2417721844688327,10,7,67.7,"operator: PIONEER NATURAL RES. USA, INC. → Pioneer Natural Resources USA, Inc. (0.945)",1
CH4_1B2_250m_-101.77334_31.85089,"OXYROCK OPERATING, LLC",NULL,NULL,NULL,1,2025-04-30,2025-04-30,31.85088793891321,-101.7733383942101,173-311,well,NULL,0.202162233466553,7,7,84.6,"purchaser: ENTERPRISE M B MIDSTREAM LLC → Enterprise Products Operating LLC (0.86)",1
CH4_1B2_250m_-101.77598_31.84358,"OXYROCK OPERATING, LLC",NULL,NULL,NULL,1,2025-04-30,2025-04-30,31.84358169507169,-101.77597967297223,173-31036,well,NULL,0.3951525935571845,8,6,63.1,"purchaser: ENTERPRISE M B MIDSTREAM LLC → Enterprise Products Operating LLC (0.86)",1
CH4_1B2_250m_-101.77839_31.84384,"OXYROCK OPERATING, LLC",NULL,NULL,NULL,1,2025-04-30,2025-04-30,31.84383595800358,-101.77839266112038,329-39108,well,NULL,0.2951440150331236,7,6,73.1,"purchaser: ENTERPRISE M B MIDSTREAM LLC → Enterprise Products Operating LLC (0.86)",1
CH4_1B2_250m_-103.93317_31.81229,"WALSH & WATTS, INC.",87.36987343953022,262.11,43.87877178886455,1,2025-04-25,2025-04-25,31.81228692437511,-103.93317172396836,389-31763,well,NULL,0.3687094577926668,5,3,56.8,"purchaser: CONOCOPHILLIPS COMPANY → ConocoPhillips Company (1.0)",1
CH4_1B2_250m_-103.93834_31.77579,BPX OPERATING COMPANY,53.45076237204163,160.35,38.89601286351017,1,2025-04-25,2025-04-25,31.775793447460224,-103.93834311707192,389-34554,well,NULL,0.40474771673656856,2,1,53.1,"purchaser: CONOCOPHILLIPS COMPANY → ConocoPhillips Company (1.0); purchaser: BP ENERGY CO. → BP Energy Company (0.926)",2
CH4_1B2_250m_-103.30494_31.60819,APACHE CORPORATION,947.1639820441972,947.16,243.36534994323594,1,2025-04-16,2025-04-16,31.608192981325818,-103.30494236552904,475-34516,well,NULL,0.2656781834621005,7,4,60.2,"operator: APACHE CORPORATION → Apache Corporation (1.0)",1
CH4_1B2_250m_-103.26445_31.50698,APACHE CORPORATION,125.85592144928788,503.42,27.203484279790832,1,2025-04-16,2025-04-16,31.506979617927293,-103.26444586296158,475-36203,well,NULL,0.04838527353293975,5,5,91.7,"operator: APACHE CORPORATION → Apache Corporation (1.0)",1
CH4_1B2_250m_-103.13728_31.45269,"CONTINENTAL RESOURCES, INC.",100.00334251997505,400.01,23.10975288930286,1,2025-04-16,2025-04-16,31.452692661387253,-103.13728267584875,475-37481,well,NULL,0.16719614186228834,10,8,76.2,"purchaser: TARGA MIDLAND LLC → Targa Gas Marketing LLC (0.858)",1
CH4_1B2_250m_-103.14322_31.45576,"CONTINENTAL RESOURCES, INC.",21.76747436906112,87.07,14.783006508156852,1,2025-04-16,2025-04-16,31.455755633723527,-103.14322001892239,475-37017,well,NULL,0.16698031786975884,6,6,86.2,"purchaser: TARGA MIDLAND LLC → Targa Gas Marketing LLC (0.858)",1
CH4_1B2_250m_-98.77818_28.29809,"KIMMERIDGE TEXAS GAS, LLC",646.7177748928602,646.72,179.61467336757033,1,2025-04-14,2025-04-14,28.29808798029366,-98.77817759537952,311-35571,well,NULL,0.207367239246381,2,2,87.3,"purchaser: BP ENERGY CO. → BP Energy Company (0.926)",1
CH4_1B2_250m_-98.83677_28.26792,"KIMMERIDGE TEXAS GAS, LLC",582.7611936887859,582.76,302.14742095458973,1,2025-04-14,2025-04-14,28.26791603280782,-98.83677242740704,283-34119,well,NULL,0.11045243308647104,3,3,91.8,"purchaser: BP ENERGY CO. → BP Energy Company (0.926)",1
CH4_1B2_250m_-102.66833_31.52186,"BLACKBEARD OPERATING, LLC",205.76788917545028,617.3,28.414003124561614,1,2025-04-11,2025-04-11,31.521858585117144,-102.66833292264968,103-36730,well,NULL,0.11255248112423831,28,28,85.7,"purchaser: CONOCOPHILLIPS COMPANY → ConocoPhillips Company (1.0)",1
CH4_1B2_250m_-99.85918_28.07645,"CHESAPEAKE OPERATING, INC.",1100.6729732787926,1100.67,137.74707708953338,1,2025-04-07,2025-04-07,28.07644975481871,-99.85918433034702,479-41024,well,NULL,0.5813897370995385,1,1,72.9,"operator: CHESAPEAKE OPERATING, INC. → Chesapeake Energy Marketing, LLC (0.87)",1
CH4_1B2_250m_-99.64279_28.33141,"ROSEWOOD RESOURCES, INC.",316.83016603439927,633.66,116.78856767852085,1,2025-04-07,2025-04-07,28.331409269135417,-99.64279451263836,127-38393,well,NULL,0.33790982652802715,4,2,53.2,"purchaser: TENASKA MARKETING VENTURES → Tenaska Marketing Ventures (1.0); purchaser: KINDER MORGAN TEXAS PIPELINE LLC → Kinder Morgan Tejas Pipeline LLC (0.987); purchaser: KINDER MORGAN TEXAS PIPELINE LLC → Kinder Morgan Tejas Pipeline, LLC (KMTP) (0.949); purchaser: BP ENERGY CO. → BP Energy Company (0.926); purchaser: KINDER MORGAN TEXAS PIPELINE LLC → Kinder Morgan Tejas Pipeline LLC & Kinder Morgan Texas Pipeline LLC (0.886)",5
CH4_1B2_250m_-102.62887_31.52383,"BLACKBEARD OPERATING, LLC",250.17295768136805,500.35,121.51130397120961,1,2025-03-28,2025-03-28,31.52383369776264,-102.62887074608052,103-36922,well,NULL,0.03258792544007905,56,56,88.5,"purchaser: CONOCOPHILLIPS COMPANY → ConocoPhillips Company (1.0)",1
CH4_1B2_250m_-99.59756_28.34402,MURPHY EXPL. & PROD. CO. - USA,362.5456231885779,362.55,141.63084384850313,1,2025-03-10,2025-03-10,28.344016276958428,-99.59755751761035,127-37322,well,NULL,0.2457616738925998,7,3,54.0,"purchaser: CASTLETON COMMOD MERCH TRDG L.P. → Castleton Commodities Merchant Trading L.P. (0.924)",1
CH4_1B2_250m_-97.39528_29.20511,BURLINGTON RESOURCES O & G CO LP,894.5355129984155,894.54,162.46574708434912,1,2025-03-08,2025-03-08,29.2051122339024,-97.39528081769625,123-34414,well,NULL,0.10469101931136707,1,1,95.1,"purchaser: CONOCOPHILLIPS COMPANY → ConocoPhillips Company (1.0)",1
CH4_1B2_250m_-103.15445_31.66978,"JETTA OPERATING COMPANY, INC.",289.6045209261397,579.21,108.17907463722952,1,2025-03-07,2025-03-07,31.669779769198428,-103.15444886091947,495-32721,well,NULL,0.07892981981314771,5,5,90.3,"purchaser: CIMAREX ENERGY CO. OF COLORADO → Cimarex Energy Co. (0.92)",1
CH4_1B2_250m_-103.11050_31.32147,"JETTA OPERATING COMPANY, INC.",130.64906797011386,391.95,23.9714294183417,1,2025-03-07,2025-03-07,31.321470480478837,-103.11050388363935,389-31279,well,NULL,0.18736345438240692,8,7,79.0,"purchaser: CHEVRON U. S. A. INC. → Chevron U.S.A. Inc (""Chevron"") (0.866)",1
CH4_1B2_250m_-103.10912_31.27482,ENTERPRISE PRODUCTS OPERATINGLLC,44.72095252559133,178.88,16.10247253282405,1,2025-03-07,2025-03-07,31.27481672961258,-103.10912086926895,389-31429,well,NULL,0.35202464585526194,2,2,80.6,"operator: ENTERPRISE PRODUCTS OPERATINGLLC → Enterprise Products Operating LLC (0.994)",1
CH4_1B2_250m_-103.83013_31.94305,"WPX ENERGY PERMIAN, LLC",220.39384594643607,1101.97,39.48171784527907,1,2025-02-14,2025-02-14,31.9430502069937,-103.83012744143264,301-30899,well,NULL,0.36983401391088294,5,5,76.7,"purchaser: CHEVRON U. S. A. INC. → Chevron U.S.A. Inc (""Chevron"") (0.866)",1
CH4_1B2_250m_-103.82832_31.91985,"WPX ENERGY PERMIAN, LLC",37.77440190076622,188.87,24.69868388566389,1,2025-01-29,2025-01-29,31.919846956767923,-103.82832423886232,301-31152,well,NULL,0.45661904769626876,6,6,72.7,"purchaser: CONOCOPHILLIPS COMPANY → ConocoPhillips Company (1.0); purchaser: ENTERPRISE PRODUCTS OPERATINGLLC → Enterprise Products Operating LLC (0.994); purchaser: CHEVRON U. S. A. INC. → Chevron U.S.A. Inc (""Chevron"") (0.866)",3
CH4_1B2_250m_-101.75480_32.42265,DIAMONDBACK E&P LLC,201.38150055792303,402.76,40.975017716068734,1,2025-01-01,2025-01-01,32.42265223907947,-101.75480157984525,317-38112,well,NULL,0.31330992081965386,5,5,79.4,"purchaser: ENTERPRISE PRODUCTS OPERATINGLLC → Enterprise Products Operating LLC (0.994)",1
CH4_1B2_250m_-101.96176_31.81086,"PIONEER NATURAL RES. USA, INC.",154.30353449246104,462.91,54.31517266271965,1,2025-01-01,2025-01-01,31.810859517500365,-101.96175587890508,329-34948,well,NULL,0.11844381283531392,31,31,84.5,"operator: PIONEER NATURAL RES. USA, INC. → Pioneer Natural Resources USA, Inc. (0.945)",1
