Filing_Date,Buyer,Seller,Contract_Type,Base_Contract_Date,Transaction_Conf_Agreement_Date,Supply_Period_Value,Supply_Period_Unit,Supply_Period_Notes,Annual_Contract_Quantity_MMBtu_Numeric,Annual_Contract_Quantity_Notes,Take_or_Pay,LNG_Project,DOE_FE_Docket_Nos,DOE_FE_Order_Nos,Notes
2024-10-31,"Corpus Christi Liquefaction, LLC (""CCL"")",Kinder Morgan Tejas Pipeline LLC,Gas Supply Agreement (NAESB + TC),2020-06-01,2024-10-18,4,years,,185000000,Approx.,Standard Yes,Corpus Christi,"12-97-LNG, ..., 18-78-LNG, 23-46-LNG","3164, ..., 4490, 5019",
2022-12-07,"Sabine Pass Liquefaction, LLC (""SPL"")","SWN Energy Services Company, LLC",Gas Supply Agreement (NAESB + TC),2013-11-01,2022-11-10,5,years,,180000000,"Approx. 180M (yrs 1-4), 90M (yr 5)",Standard Yes,Sabine Pass,"10-85-LNG, ..., 19-125-LNG","2833, ..., 4520, 4800",
2020-01-20,"Sabine Pass Liquefaction, LLC (""SPL"")",Scona LLC,Gas Supply Agreement,N/A,2020-01-07,10,years,,155000000,Approx.,Standard Yes,Sabine Pass,"10-85-LNG, ..., 15-63-LNG","2833, ..., 3792, ...3669-B",
2019-09-17,"Corpus Christi Liquefaction, LLC (""CCL"")",Apache Corporation,Gas Sales Agreement (NAESB + TC),2016-12-07,2017-11-06,7,years,,127750000,Approx.,Standard Yes,Corpus Christi,"12-97-LNG, 12-99-LNG","3638, 3164, 3164-A",Revised Public Summary (for the other of two Apache TCs dated 2017-11-06). This is the one assigned to Chevron.
2022-03-11,"Corpus Christi Liquefaction Stage III, LLC","EOG Resources, Inc.",Amended & Restated Gas Supply Agreement (2x),N/A,2022-02-23,15,years,,110000000,"GSA1: Approx. 110,000,000; GSA2: Approx. 153,000,000",Standard Yes,CCL Stage III,18-78-LNG,"4277, 4490","Two A&R GSAs. Amends & restates two GSAs from 2019-09-12. Total for EOG now 263,000,000 MMBtu/yr."
2019-09-16,"Sabine Pass Liquefaction, LLC (""SPL"")","Ascent Resources – Utica, LLC",Gas Sales Agreement (NAESB + TC),2014-04-15,2019-08-27,10,years,Approx.,92000000,"Approx. 92,000,000 (first 5 yrs), 46,000,000 (final 5 yrs). TC amends & restates 2018-06-06 TC.",Standard Yes,Sabine Pass,"10-85-LNG, 10-111-LNG, 13-30-LNG, 13-42-LNG, 13-121-LNG, 14-92-LNG, 15-63-LNG","2833, 2961-A, 3306, 3307, 3384, 3595, 3669, 3792, 3306-A, 3307-A, 3384-A & 3669-B",Non-redacted copy of earlier 2018-06-06 TC also submitted.
2024-03-19,"Venture Global Plaquemines LNG, LLC",Tenaska Marketing Ventures,NAESB Base Contract + TC,,2024-02-26,3,years,,91250000,,N/A,Plaquemines LNG,16-28-LNG,"3866, 4446",Base contract previously executed.
2024-04-30,"Sabine Pass Liquefaction, LLC (""SPL"")",Kaiser Marketing Appalachian LLC,Gas Supply Agreement (NAESB + TC),2015-07-31,2024-04-16,2.5,years,Approx.,75000000,Approx.,Standard Yes,Sabine Pass,"10-85-LNG, ..., 19-125-LNG","2833, ..., 4520, 4800",
2024-11-20,"Venture Global Calcasieu Pass, LLC",TC Energy Marketing Inc.,NAESB Base Contract + TC,,2024-10-22,5,years,Subject to CPs,73000000,Buyer can modify,N/A,Calcasieu Pass,"13-69-LNG, 14-88-LNG, 15-25-LNG","4346, 3345, 3520, 3662",Base contract date not specified in summary.
2024-11-20,"Venture Global Plaquemines LNG, LLC",TC Energy Marketing Inc.,NAESB Base Contract + TC,,2024-10-22,5,years,Subject to CPs,73000000,Buyer can modify,N/A,Plaquemines LNG,16-28-LNG,"3866, 4446",Base contract previously executed.
2017-09-18,ENGIE S.A.,"ENGIE Energy Marketing NA, Inc.",NAESB Base + Asset Management Agmt + TC,N/A,2017-08-18,,,"Ends Sep 30, 2020 (or per COD). Delivery Period Mar 1, 2018 - Sep 30, 2020",68259000,Varies: 183K to 525K MMBtu/day. 2019: 68.26M; 2020: 134M. Using 2019 value for numeric.,Buyer pays for demand; Seller pays actual transport.,Cameron LNG,"11-162-LNG, 11-145-LNG","3391-A, 3391-B, 3059",
2022-01-06,"Sabine Pass Liquefaction, LLC (""SPL"")","EAP Ohio, LLC",Gas Supply Agreement (NAESB + TC #521988),2019-03-12,2021-12-16,3,years,,64000000,Approx.,Standard Yes,Sabine Pass,"10-85-LNG, ..., 19-125-LNG","2833, ..., 4520",One of two filed this day for EAP Ohio.
2022-01-06,"Sabine Pass Liquefaction, LLC (""SPL"")","EAP Ohio, LLC",Gas Supply Agreement (NAESB + TC #521989),2019-03-12,2021-12-16,3,years,,64000000,Approx.,Standard Yes,Sabine Pass,"10-85-LNG, ..., 19-125-LNG","2833, ..., 4520",One of two filed this day for EAP Ohio.
2024-10-30,JERA Energy America LLC,Enterprise Products Operating LLC,Firm Gas Supply Agreement (NAESB + TC),2017-10-01,2024-10-24,5,years,TC Trade date; Term starts later of 2025-04-01 or CSD,55302975,"151,515 MMBtu/Day",No,Freeport LNG,"10-160-LNG, ..., 16-108-LNG","2913-A, 3282-C, 3357-B, 3066-A, 3957",CSD = Commercial Start Date of Buyer's FT on Enterprise Texas Pipeline.
2025-02-20,"Venture Global Plaquemines LNG, LLC","Southwest Energy, L.P.",NAESB Base + TC + Asset Management Agreement,,2025-01-23,41,months,TC date; Subject to CPs,54750000,"150K MMBtu/d (5mo), then 73M MMBtu/yr (3yr). Using annualized 150K for numeric.",N/A,Plaquemines LNG,16-28-LNG,"3866, 4446",Base contract previously executed.
2024-12-19,"Venture Global Plaquemines LNG, LLC",Six One Commodities LLC,NAESB Base Contract + Asset Management Agreement,,2024-11-22,3,years,AMA date,54750000,"Up to 54,750,000 (150,000 MMBtu/day via short-term TCs)",N/A,Plaquemines LNG,16-28-LNG,"3866, 4446",Plaquemines LNG releases pipeline capacity to Six One. Six One sells gas to Plaquemines. Base contract previously executed.
2024-06-28,"Venture Global Plaquemines LNG, LLC","Southwest Energy, L.P.",NAESB Base Contract + TC,,2024-05-31,41,months,,54750000,"Prorated for initial 5-month period, then 73,000,000 for each of the following three years. Using initial period annualized for numeric.",N/A,Plaquemines LNG,16-28-LNG,"3866, 4446",Base contract previously executed.
2023-09-27,"Freeport LNG Marketing, LLC","NextEra Energy Marketing, LLC",Gas Supply Agreement (NAESB + TC),2021-09-13,2023-08-18,31,months,TC Term begins 2023-09-01,54750000,"0 to 150,000 MMBtu/Day (annualized max)",Buyer nominates,Freeport LNG,"10-160-LNG, ..., 12-06-LNG","2913, 3066, 3282-C, 3357-B, 3957",
2019-09-17,"Corpus Christi Liquefaction, LLC (""CCL"")",Apache Corporation,Gas Sales Agreement (NAESB + TC),2016-12-07,2017-11-06,7,years,,54750000,Approx.,Standard Yes,Corpus Christi,"12-97-LNG, 12-99-LNG","3164, 3164-A, 3638",Revised Public Summary (for one of two Apache TCs dated 2017-11-06).
2019-10-09,"Corpus Christi Liquefaction, LLC (""CCL"")","EOG Resources, Inc.",Gas Sales Agreement,N/A,2019-09-12,7,years,Up to,51100000,Approx.,Standard Yes,Corpus Christi,"12-97-LNG, 12-99-LNG","3638, 3164, 3164-A",One of two GSAs filed this day with EOG for CCL. This one for existing CCL.
2019-10-09,"Corpus Christi Liquefaction Stage III, LLC","EOG Resources, Inc.",Gas Sales Agreement (2x),N/A,2019-09-12,10,years,,51100000,"GSA1: Approx. 51,100,000; GSA2: Approx. 109,500,000",Standard Yes,CCL Stage III,18-78-LNG,4277,Two separate GSAs. Later amended and restated (see 2022-03-11 filing).
2019-09-17,"Corpus Christi Liquefaction Stage III, LLC",Apache Corporation,Gas Sales Agreement,N/A,2019-05-29,15,years,Approx.,51100000,Approx.,Standard Yes,CCL Stage III,18-78-LNG,4277,Revised Public Summary.
2024-11-13,"Sabine Pass Liquefaction Stage V, LLC & SPL",ARC Resources U.S. Corp.,Gas Supply Agreement,N/A,2023-09-27,15,years,,50000000,Approx.,Standard Yes,Sabine Pass (Stage V),24-27-LNG,5181,
2022-07-14,"Corpus Christi Liquefaction, LLC (""CCL"")",ARC Resources U.S. Corp.,Gas Supply Agreement,N/A,2022-05-02,15,years,,50000000,Approx.,Standard Yes,Corpus Christi (incl. Stage III),"12-97-LNG, 12-99-LNG, 19-124-LNG, 18-78-LNG","3164, 3638, 4519, 4799, 4277, 4490",For CCL as successor to CCL Stage III.
2022-11-30,"Sabine Pass Liquefaction, LLC (""SPL"")",Tourmaline Oil Marketing Corp.,Gas Supply Agmt (assigned from CCL Stage III),N/A,2022-03-15,15,years,,50000000,Approx. Orig GSA 2021-07-15,Standard Yes,Sabine Pass,"10-85-LNG, ..., 19-125-LNG & 18-78-LNG (via assignment)","2833, ..., 4520, 4800 & 4277, 4490 (via assignment)",Assignment of CCL Stage III's GSA with Tourmaline to SPL. Assignment Agmt date: 2022-03-15.
2021-07-29,"Corpus Christi Liquefaction Stage III, LLC",Tourmaline Oil Marketing Corp.,Gas Supply Agreement,N/A,2021-07-15,15,years,,50000000,Approx.,Standard Yes,CCL Stage III,18-78-LNG,"4277, 4490","Later assigned to Sabine Pass Liquefaction, LLC (see 2022-11-30 filing)."
2019-09-16,"Corpus Christi Liquefaction, LLC (""CCL"")",Vine Oil & Gas LP,Gas Sales Agreement (NAESB + TC),2018-10-29,2019-08-07,3,years,,46000000,Approx.,Standard Yes,Corpus Christi,"12-97-LNG, 12-99-LNG","3164, 3164-A, 3638",
2022-11-02,"Corpus Christi Liquefaction, LLC (""CCL"")",Scona LLC,Gas Supply Agreement,N/A,2022-10-17,5,years,,44000000,"Approx. 44M (yr1), 110M (yrs 2-5)",Standard Yes,Corpus Christi,"12-97-LNG, 12-99-LNG, 19-124-LNG, 18-78-LNG","3164, 3638, 4519, 4799, 4277, 4490",Relates to existing CCL and CCL Stage III.
2023-10-30,"Sabine Pass Liquefaction, LLC (""SPL"")","Chesapeake Energy Marketing, LLC",Gas Supply Agreement (NAESB + TC),2013-11-01,2023-10-13,3,years,,40000000,Approx.,Standard Yes,Sabine Pass,"10-85-LNG, ..., 19-125-LNG","2833, ..., 4520, 4800",
2022-11-02,"Sabine Pass Liquefaction, LLC (""SPL"")",Scona LLC,Gas Supply Agreement,N/A,2022-10-17,2.5,years,Approx.,37000000,"Approx. 37M (yr1), 73M (remaining yrs)",Standard Yes,Sabine Pass,"10-85-LNG, ..., 19-125-LNG","2833, ..., 4520, 4800",
2021-08-23,"Sabine Pass Liquefaction, LLC (""SPL"")","Kaiser Marketing Appalachian, LLC",Gas Supply Agreement (NAESB + TC),2015-07-31,2021-08-09,3,years,,37000000,Approx.,Standard Yes,Sabine Pass,"10-85-LNG, ..., 19-125-LNG","2833, ..., 4520",
2024-11-12,"Venture Global Plaquemines LNG, LLC","Mercuria Energy America, LLC",NAESB Base Contract + TC (Contract #2),,2024-10-09,4,years,,36500000,,N/A,Plaquemines LNG,16-28-LNG,"3866, 4446",One of two TCs with Mercuria filed this day. Base contract previously executed.
2024-09-03,"Freeport LNG Marketing, LLC",Kinder Morgan Tejas Pipeline LLC & Kinder Morgan Texas Pipeline LLC,Gas Supply Agreement (NAESB + TC),2018-12-01,2024-08-22,5,years,TC Term exp. on/before 2026-04-01; +3yr ext. option,36500000,"0 to 100,000 MMBtu/Day (annualized max)",Buyer nominates,Freeport LNG,"10-160-LNG, ..., 12-06-LNG","2913, 3066, 3282-C, 3357-B, 3957",
2024-07-08,"Venture Global Plaquemines LNG, LLC",TC Energy Marketing Inc.,NAESB Base Contract + TC,,2024-06-11,2,years,,36500000,,N/A,Plaquemines LNG,16-28-LNG,"3866, 4446",Base contract previously executed.
2023-01-17,"Venture Global Calcasieu Pass, LLC","Paloma Natural Gas, LLC",NAESB Base Contract + TC,,2022-12-26,3,years,From later of 2024-04-01 or In-Service Date,36500000,Period 1 (1yr): 36.5M; P2 (1yr): 27.375M; P3 (1yr): 9.125M. Using P1.,N/A,Calcasieu Pass,"13-69-LNG, 14-88-LNG, 15-25-LNG","4346, 3345, 3520, 3662",In-Service Date related to new LA intrastate pipeline. Base contract date not specified.
2021-01-13,"Venture Global Calcasieu Pass, LLC",Spire Marketing Inc.,NAESB Base Contract + TC,2020-09-22,2020-10-27,38,months,Base eff. 2020-12-14; TC eff. 2020-12-14,36500000,Daily figure in summary likely typo for annual.,N/A,Calcasieu Pass,"13-69-LNG, 14-88-LNG, 15-25-LNG","4346, 3345, 3520, 3662",Dates reflect when SPI executed; Calcasieu Pass executed 2020-12-14.
2019-09-09,"Sabine Pass Liquefaction, LLC (""SPL"")",Indigo Minerals LLC,NAESB Base Contract + TC A & TC B,2017-03-01,2019-08-08,,years,TCA: 10 yrs (TC: 2019-08-08); TCB: ~3.75 yrs (TC: 2019-08-27),36500000,TCA: ~36.5M; TCB: ~18.25M,Standard Yes,Sabine Pass,"10-85-LNG, ..., 15-63-LNG","2833, ..., 3792, ...3669-B",Later assigned to SWN Energy Services.
2019-09-16,"Corpus Christi Liquefaction, LLC (""CCL"")",Targa Gas Marketing LLC,Gas Sales Agreement (NAESB + TC),2016-05-01,2018-06-21,10,years,Approx.,36500000,Approx.,Standard Yes,Corpus Christi,"12-97-LNG, 12-99-LNG","3164, 3164-A, 3638",One of two contracts filed this day (Pioneer & Targa).
2019-09-16,"Sabine Pass Liquefaction, LLC (""SPL"")",Antero Resources Corporation,Gas Sales Agreement (NAESB + TC),2014-02-01,2018-05-29,5,years,,36500000,Approx.,Standard Yes,Sabine Pass,"10-85-LNG, ..., 15-63-LNG","2833, ..., 3792, ...3669-B",One of two contracts filed this day (Antero & EQT). Later assigned to MU Marketing LLC.
2019-09-17,"Corpus Christi Liquefaction, LLC (""CCL"")","Pioneer Natural Resources USA, Inc.",Gas Sales Agreement (NAESB + TC),2015-06-01,2017-11-10,5,years,,36500000,Approx.,Standard Yes,Corpus Christi,"12-97-LNG, 12-99-LNG","3638, 3164, 3164-A",Revised Public Summary (for TC#1).
2019-09-17,"Corpus Christi Liquefaction, LLC (""CCL"")","Houston Pipe Line Company, LP",Gas Sales Agreement (NAESB + TC),2015-04-01,2017-10-11,3,years,,36500000,Approx.,Standard Yes,Corpus Christi,"12-97-LNG, 12-99-LNG","3638, 3164, 3164-A",Revised Public Summary.
2019-09-17,"Corpus Christi Liquefaction, LLC (""CCL"")","Wells Fargo Commodities, LLC",Gas Sales Agreement (NAESB + TC),2017-03-27,2017-05-30,3,years,,36500000,Approx.,Standard Yes,Corpus Christi,"12-97-LNG, 12-99-LNG","3638, 3164, 3164-A",Revised Public Summary.
2023-02-01,"Sabine Pass Liquefaction, LLC (""SPL"")","Paloma Natural Gas, LLC",Gas Supply Agreement,N/A,2023-01-19,4,years,Approx.,36000000,Approx.,Standard Yes,Sabine Pass,"10-85-LNG, ..., 19-125-LNG","2833, ..., 4520, 4800",
2024-10-24,"Sabine Pass Liquefaction, LLC (""SPL"")","Southwest Energy, L.P.",Gas Supply Agreement (NAESB + TC),2015-09-30,2024-10-10,3,years,,27500000,Approx.,Standard Yes,Sabine Pass,"10-85-LNG, ..., 19-125-LNG","2833, ..., 4520, 4800",
2019-09-17,"Corpus Christi Liquefaction, LLC (""CCL"")","Shell Energy North America (US), L.P.",Gas Sales Agreement (NAESB + TC),2017-05-18,2017-07-12,3,years,,27375000,Approx.,Standard Yes,Corpus Christi,"12-97-LNG, 12-99-LNG","3638, 3164, 3164-A",Revised Public Summary.
2019-09-17,"Corpus Christi Liquefaction, LLC (""CCL"")",Cimarex Energy Co.,Gas Sales Agreement (NAESB + TC),2015-06-01,2017-04-18,5,years,,27375000,Approx.,Standard Yes,Corpus Christi,"12-97-LNG, 12-99-LNG","3638, 3164, 3164-A",Revised Public Summary.
2019-09-16,"Sabine Pass Liquefaction, LLC (""SPL"")","EQT Energy, LLC",Gas Sales Agreement (NAESB + TC),2013-12-01,2018-06-21,3,years,Approx.,26462500,Approx.,Standard Yes,Sabine Pass,"10-85-LNG, ..., 15-63-LNG","2833, ..., 3792, ...3669-B",One of two contracts filed this day (Antero & EQT).
2022-03-22,"Venture Global Plaquemines LNG, LLC","NextEra Energy Marketing, LLC",NAESB Base Contract + TC,,2022-02-23,3,years,,21900000,,N/A,Plaquemines LNG,16-28-LNG,"3866, 4446",Base contract date not specified.
2022-12-07,"Sabine Pass Liquefaction, LLC (""SPL"")","EOG Resources, Inc.",Gas Supply Agreement (NAESB + TC),2015-01-01,2022-11-17,3,years,Approx.,20000000,"Approx. 20M (yr1), 40M (yr2&3)",Standard Yes,Sabine Pass,"10-85-LNG, ..., 19-125-LNG","2833, ..., 4520, 4800",
2024-10-10,"Corpus Christi Liquefaction, LLC (""CCL"")",Targa Gas Marketing LLC,Gas Supply Agreement (NAESB + TC),2016-05-01,2024-09-24,5,years,,18500000,Approx.,Standard Yes,Corpus Christi,"12-97-LNG, ..., 18-78-LNG, 23-46-LNG","3164, ..., 4490, 5019",
2025-01-03,"Venture Global Plaquemines LNG, LLC",CNX Gas Company LLC,NAESB Base + TC + Asset Management Agreement,,2024-12-09,5,years,TC & AMA date; Seller right to extend,18250000,"50,000 MMBtu/day",N/A,Plaquemines LNG,16-28-LNG,"3866, 4446",Plaquemines releases capacity to CNX. CNX sells gas to Plaquemines. Base contract previously executed.
2023-10-02,"LNG Americas, Inc.","Wells Fargo Commodities, LLC",Gas Supply Agreement (NAESB + TC + SP),2023-07-25,2023-09-20,36,months,Nov 2023 - Oct 2026,18250000,"50,000 MMBtu/Day",Firm,Freeport LNG,"10-160-LNG, ..., 16-108-LNG","2913-A, 3282-C, 3357-B, 3066-A, 3957",
2023-06-29,"LNG Americas, Inc.",Morgan Stanley Capital Group Inc.,Gas Supply Agreement (NAESB + TC + SP),2023-03-07,2023-06-14,28,months,Jul 2023 - Oct 2025,18250000,"50,000 MMBtu/Day",Firm,Freeport LNG,"10-160-LNG, ..., 16-108-LNG","2913-A, 3282-C, 3357-B, 3066-A, 3957",
2022-02-14,"Venture Global Plaquemines LNG, LLC",Repsol Energy North America Corporation,NAESB Base Contract + TC,,2022-01-21,3,years,,18250000,,N/A,Plaquemines LNG,16-28-LNG,"3866, 4446",Base contract date not specified.
2021-10-19,"Venture Global Calcasieu Pass, LLC",ConocoPhillips Company,NAESB Base Contract + TC,,2021-09-29,3,years,,18250000,,N/A,Calcasieu Pass,"13-69-LNG, 14-88-LNG, 15-25-LNG","4346, 3345, 3520, 3662",One of four filed this day. Base contract date not specified.
2021-10-19,"Venture Global Calcasieu Pass, LLC",Tenaska Marketing Ventures,NAESB Base Contract + TC,,2021-09-23,3,years,,18250000,,N/A,Calcasieu Pass,"13-69-LNG, 14-88-LNG, 15-25-LNG","4346, 3345, 3520, 3662",One of four filed this day. Base contract date not specified.
2021-10-19,"Venture Global Calcasieu Pass, LLC","Engie Energy Marketing NA, Inc.",NAESB Base Contract + TC,,2021-09-20,38,months,,18250000,,N/A,Calcasieu Pass,"13-69-LNG, 14-88-LNG, 15-25-LNG","4346, 3345, 3520, 3662",One of four filed this day. Base contract date not specified.
2021-08-09,"Venture Global Calcasieu Pass, LLC","GEP Haynesville, LLC",NAESB Base Contract + TC,,2021-07-30,3,years,,18250000,,N/A,Calcasieu Pass,"13-69-LNG, 14-88-LNG, 15-25-LNG","4346, 3345, 3520, 3662",One of three contracts in this filing. Base contract date not specified.
2021-07-30,"Venture Global Calcasieu Pass, LLC",BP Energy Company,NAESB Base Contract + TC,,2021-07-21,3,years,,18250000,,N/A,Calcasieu Pass,"13-69-LNG, 14-88-LNG, 15-25-LNG","4346, 3345, 3520, 3662",Base contract date not specified in summary.
2021-08-09,"Venture Global Calcasieu Pass, LLC","Direct Energy Business Marketing, LLC",NAESB Base Contract + TC,,2021-06-07,3,years,,18250000,,N/A,Calcasieu Pass,"13-69-LNG, 14-88-LNG, 15-25-LNG","4346, 3345, 3520, 3662",One of three contracts in this filing. Base contract date not specified.
2021-05-21,"Sabine Pass Liquefaction, LLC (""SPL"")",Tenaska Marketing Ventures,Gas Supply Agreement (NAESB + TC),2014-04-01,2021-05-07,3,years,,18250000,Approx.,Standard Yes,Sabine Pass,"10-85-LNG, ..., 19-125-LNG","2833, ..., 4520",
2021-05-04,"Sabine Pass Liquefaction, LLC (""SPL"")",Castleton Commodities Merchant Trading L.P.,Gas Supply Agreement (NAESB + TC),2014-04-28,2021-04-23,3,years,,18250000,Approx.,Standard Yes,Sabine Pass,"10-85-LNG, 10-111-LNG, ..., 19-125-LNG","2833, 2961-A, ..., 4520",
2021-05-04,"Corpus Christi Liquefaction, LLC (""CCL"")",Castleton Commodities Merchant Trading L.P.,Gas Supply Agreement (NAESB + TC),2015-09-30,2021-04-23,3,years,,18250000,Approx.,Standard Yes,Corpus Christi,"12-97-LNG, 12-99-LNG, 19-124-LNG","3164, 3638, 4519",
2021-05-04,"Sabine Pass Liquefaction, LLC (""SPL"")","Wells Fargo Commodities, LLC",Gas Supply Agreement (NAESB + TC),2016-04-14,2021-04-21,3,years,,18250000,Approx.,Standard Yes,Sabine Pass,"10-85-LNG, ..., 19-125-LNG","2833, ..., 4520",
2021-05-04,"Sabine Pass Liquefaction, LLC (""SPL"")","SWN Energy Services Company, LLC (f/k/a Southwestern Energy Services Company)",Gas Supply Agreement (NAESB + TC),2013-11-01,2021-04-20,3,years,,18250000,Approx.,Standard Yes,Sabine Pass,"10-85-LNG, ..., 19-125-LNG","2833, ..., 4520",
2021-01-08,"Sabine Pass Liquefaction, LLC (""SPL"")",Macquarie Energy LLC,Gas Supply Agreement (NAESB + TC),2014-06-05,2021-01-05,3,years,,18250000,Approx.,Standard Yes,Sabine Pass,"10-85-LNG, ..., 19-125-LNG","2833, ..., 4520",
2021-01-08,"Sabine Pass Liquefaction, LLC (""SPL"")","NextEra Energy Marketing, LLC (f/k/a NextEra Energy Power Marketing, LLC)",Gas Supply Agreement (NAESB + TC),2014-11-18,2021-01-05,3,years,,18250000,Approx.,Standard Yes,Sabine Pass,"10-85-LNG, ..., 19-125-LNG","2833, ..., 4520",
2021-01-13,"Venture Global Calcasieu Pass, LLC",Tenaska Marketing Ventures,NAESB Base Contract + TC,2020-10-07,2020-11-20,3,years,Base eff. 2021-01-05; TC eff. 2021-01-05,18250000,Daily figure in summary likely typo for annual.,N/A,Calcasieu Pass,"13-69-LNG, 14-88-LNG, 15-25-LNG","4346, 3345, 3520, 3662",Dates reflect when Tenaska executed; Calcasieu Pass executed 2021-01-05.
2019-09-16,"Corpus Christi Liquefaction, LLC (""CCL"")","Pioneer Natural Resources USA, Inc.",Gas Sales Agreement (NAESB + TC),2015-06-01,2018-05-22,5,years,,18250000,Approx.,Standard Yes,Corpus Christi,"12-97-LNG, 12-99-LNG","3164, 3164-A, 3638",One of two contracts filed this day (Pioneer & Targa). This TC is likely Confirmation #2.
2019-09-17,"Corpus Christi Liquefaction, LLC (""CCL"")",Targa Gas Marketing LLC,Gas Sales Agreement (NAESB + TC),2016-05-01,2017-10-23,5,years,,18250000,Approx.,Standard Yes,Corpus Christi,"12-97-LNG, 12-99-LNG","3638, 3164, 3164-A",Revised Public Summary.
2019-09-17,"Sabine Pass Liquefaction, LLC (""SPL"")",Montage Resources Corporation,Gas Sales Agreement (NAESB + TC),2014-05-01,2017-05-24,3,years,,18250000,Approx.,Standard Yes,Sabine Pass,"10-85-LNG, 10-111-LNG, ..., 15-63-LNG","2833, 2961-A, ..., 3792, ... 3669-B",Revised Public Summary. Montage is successor to Eclipse Resources Marketing LP. This contract later assigned to SWN Energy Services (see 2020-12-03 filing)
2019-09-17,"Sabine Pass Liquefaction, LLC (""SPL"")",BP Energy Company,Gas Sales Agreement (NAESB + TC),2014-11-01,2017-05-24,3,years,,18250000,Approx.,Standard Yes,Sabine Pass,"10-85-LNG, 10-111-LNG, ..., 15-63-LNG","2833, 2961-A, ..., 3792, ... 3669-B",Revised Public Summary (for TC1).
2025-03-21,"Sabine Pass Liquefaction, LLC (""SPL"")",Expand Energy Marketing LLC (f/k/a SWN Energy Services),Gas Supply Agreement (NAESB + TC),2013-11-01,2025-03-06,3,years,Base contract amended,18000000,Approx.,Standard Yes,Sabine Pass,"10-85-LNG, ..., 19-125-LNG","2833, ..., 4520, 4800",
2023-04-11,"Corpus Christi Liquefaction, LLC (""CCL"")","Engie Energy Marketing NA, Inc.",Gas Supply Agreement (NAESB + TC),2018-03-08,2023-03-22,29,months,,18000000,Approx.,Standard Yes,Corpus Christi,"12-97-LNG, 12-99-LNG, 19-124-LNG, 18-78-LNG","3164, 3638, 4519, 4799, 4277, 4490",
2022-04-28,"Sabine Pass Liquefaction, LLC (""SPL"")","Shell Energy North America (US), L.P.",Gas Supply Agreement (NAESB + TC),2015-05-01,2022-04-07,3,years,,18000000,Approx.,Standard Yes,Sabine Pass,"10-85-LNG, ..., 19-125-LNG","2833, ..., 4520, 4800",One of two filed this day for Shell.
2022-04-28,"Sabine Pass Liquefaction, LLC (""SPL"")","Shell Energy North America (US), L.P.",Gas Supply Agreement (NAESB + TC),2015-05-01,2022-04-06,3,years,,18000000,Approx.,Standard Yes,Sabine Pass,"10-85-LNG, ..., 19-125-LNG","2833, ..., 4520, 4800",One of two filed this day for Shell.
2021-08-02,"Sabine Pass Liquefaction, LLC (""SPL"")","Flywheel Energy Marketing, LLC",Gas Supply Agreement (NAESB + TC),2019-03-12,2021-07-15,3,years,,18000000,Approx.,Standard Yes,Sabine Pass,"10-85-LNG, ..., 19-125-LNG","2833, ..., 4520",
2020-01-20,"Sabine Pass Liquefaction, LLC (""SPL"")","GEP Haynesville, LLC",Gas Supply Agreement,N/A,2020-01-13,5,years,,18000000,Approx.,Standard Yes,Sabine Pass,"10-85-LNG, ..., 15-63-LNG","2833, ..., 3792, ...3669-B",Later assigned to SWN Energy Services (see 2022-02-17 filing).
2019-11-01,"Corpus Christi Liquefaction, LLC (""CCL"")",ConocoPhillips Company,Gas Supply Agreement (NAESB + TC),2015-06-01,2019-10-23,2.25,years,,16425000,Approx.,Standard Yes,Corpus Christi,"12-97-LNG, 12-99-LNG","3164, 3164-A, 3638",
2019-09-17,"Sabine Pass Liquefaction, LLC (""SPL"")","SWN Energy Services Company, LLC",Gas Sales Agreement (NAESB + TC),2013-11-01,2014-06-08,3,years,,15512500,Approx.,Standard Yes,Sabine Pass,"10-85-LNG, 10-111-LNG, 13-30-LNG, 13-42-LNG, 13-121-LNG, 14-92-LNG, 15-63-LNG","2833, 2961-A, 3306, 3307, 3384, 3595, 3669, 3792, 3306-A, 3307-A, 3384-A & 3669-B","Revised Public Summary. Original TC Date use 8, 2014 is a typo in summary, likely June 8, 2014."
2024-11-12,"Venture Global Plaquemines LNG, LLC","Mercuria Energy America, LLC",NAESB Base Contract + TC (Contract #1),,2024-08-08,3,years,,14600000,,N/A,Plaquemines LNG,16-28-LNG,"3866, 4446",One of two TCs with Mercuria filed this day. Base contract previously executed.
2023-10-12,"LNG Americas, Inc.","ExxonMobil Oil Corporation (assigned from XTO Energy, Inc.)",Gas Supply Agreement (NAESB + TC + SP),2023-07-27,2023-09-20,36,months,Nov 2023 - Oct 2026; SP: 2023-07-25; Assignment 2023-08-24 eff 2023-10-01,14600000,"40,000 MMBtu/Day",Firm,Freeport LNG,"10-160-LNG, ..., 16-108-LNG","2913-A, 3066-B, 3282-C, 3357-B, 3957",
2021-08-09,"Venture Global Calcasieu Pass, LLC","Southwest Energy, L.P.",NAESB Base Contract + TC,,2021-05-12,38,months,,14600000,,N/A,Calcasieu Pass,"13-69-LNG, 14-88-LNG, 15-25-LNG","4346, 3345, 3520, 3662",One of three contracts in this filing. Base contract date not specified.
2019-09-17,"Corpus Christi Liquefaction, LLC (""CCL"")","Wells Fargo Commodities, LLC",Gas Sales Agreement (NAESB + TC),2017-03-27,2018-08-17,5,years,,14600000,Approx.,Standard Yes,Corpus Christi,"12-97-LNG, 12-99-LNG","3638, 3164, 3164-A",Revised Public Summary.
2021-05-04,"Corpus Christi Liquefaction, LLC (""CCL"")","XTO Energy Inc. (f/k/a Cross Timbers Energy Services, Inc.)",Gas Supply Agreement (NAESB + TC),2016-03-01,2021-04-26,3,years,,11000000,Approx.,Standard Yes,Corpus Christi,"12-97-LNG, 12-99-LNG, 19-124-LNG","3164, 3638, 4519",
2020-11-23,"Sabine Pass Liquefaction, LLC (""SPL"")","Wells Fargo Commodities, LLC",Gas Supply Agreement (NAESB + TC),2016-04-14,2020-10-28,3,years,,11000000,Approx.,Standard Yes,Sabine Pass,"10-85-LNG, ..., 19-125-LNG","2833, ..., 4520",
2024-05-21,JERA Energy Americas LLC,ConocoPhillips Company,Firm Gas Supply Agreement (NAESB + TC),2015-02-01,2023-12-04,5,years,TC Trade date; Term starts 2024-04-01,10950000,"30,000 MMBtu/Day",No,Freeport LNG,"10-160-LNG, ..., 16-108-LNG","2913, 3282-C, 3357-B, 3957",JERA f/k/a Chubu US Gas Trading. One of two filed.
2021-10-19,"Venture Global Calcasieu Pass, LLC","EDF Trading North America, LLC",NAESB Base Contract + TC,,2021-09-24,38,months,,10950000,,N/A,Calcasieu Pass,"13-69-LNG, 14-88-LNG, 15-25-LNG","4346, 3345, 3520, 3662",One of four filed this day. Base contract date not specified.
2020-09-30,JERA Energy America LLC,Exelon Generation Company LLC,Revised & Restated TC,,2017-12-14,,,"Ends Aug 31, 2022 (or 36mo from ISD)",10950000,"30,000 MMBtu/day + fuel",No,Freeport LNG,"10-160-LNG, ..., 16-108-LNG","2913-A, ..., 3957",JERA f/k/a Chubu US Gas Trading.
2019-09-17,"Corpus Christi Liquefaction, LLC (""CCL"")","Twin Eagle Resource Management, LLC",Gas Sales Agreement (NAESB + TC),2017-08-21,2017-06-06,3,years,,10950000,Approx.,Standard Yes,Corpus Christi,"12-97-LNG, 12-99-LNG","3638, 3164, 3164-A","Revised Public Summary. Originally CCL & Chief Oil & Gas, assigned to Twin Eagle."
2025-02-24,"Venture Global Plaquemines LNG, LLC","Mercuria Energy America, LLC",NAESB Base Contract + TC,,2025-02-05,3,years,,9125000,,N/A,Plaquemines LNG,16-28-LNG,"3866, 4446",Base contract previously executed.
2020-09-30,JERA Energy America LLC,Repsol Energy North America Corporation,Revised & Restated TC,,2017-12-06,3,years,From comm. date (earlier of ISD or 2019-09-01),9125000,"25,000 MMBtu/day + fuel",No,Freeport LNG,"10-160-LNG, ..., 16-108-LNG","2913-A, ..., 3957",JERA f/k/a Chubu US Gas Trading.
2019-09-17,"Sabine Pass Liquefaction, LLC (""SPL"")","DTE Energy Trading, Inc",Gas Sales Agreement (NAESB + TC),2014-05-15,2017-05-31,3,years,,9125000,Approx.,Standard Yes,Sabine Pass,"10-85-LNG, 10-111-LNG, ..., 15-63-LNG","2833, 2961-A, ..., 3792, ... 3669-B",Revised Public Summary.
2021-05-21,"Sabine Pass Liquefaction, LLC (""SPL"")",Equinor Natural Gas LLC (f/k/a Statoil Natural Gas LLC),Gas Supply Agreement (NAESB + TC),2014-02-25,2021-05-19,3,years,,9000000,Approx.,Standard Yes,Sabine Pass,"10-85-LNG, ..., 19-125-LNG","2833, ..., 4520",
2021-05-04,"Corpus Christi Liquefaction, LLC (""CCL"")","Mercuria Energy America, LLC (f/k/a Mercuria Energy America, Inc.)",Gas Supply Agreement (NAESB + TC),2017-03-24,2021-04-22,3,years,,9000000,Approx.,Standard Yes,Corpus Christi,"12-97-LNG, 12-99-LNG, 19-124-LNG","3164, 3638, 4519",
2024-05-21,JERA Energy Americas LLC,"PennEnergy Resources, LLC",Firm Gas Supply Agreement (NAESB + TC),2014-11-07,2023-12-14,5,years,TC Trade date; Term starts 2024-04-01,7300000,"20K MMBtu/d (Apr-Oct 24), then 40K MMBtu/d (Nov 24-Mar 29). Using 20K for numeric.",No,Freeport LNG,"10-160-LNG, ..., 16-108-LNG","2913, 3282-C, 3357-B, 3957",JERA f/k/a Chubu US Gas Trading. PennEnergy f/k/a R.E. Gas Development. One of two filed.
2019-09-17,"Sabine Pass Liquefaction, LLC (""SPL"")",BP Energy Company,Gas Sales Agreement (NAESB + TC),2014-11-01,2017-09-28,3,years,,7300000,Approx.,Standard Yes,Sabine Pass,"10-85-LNG, 10-111-LNG, ..., 15-63-LNG","2833, 2961-A, ..., 3792, ... 3669-B",Revised Public Summary (for TC2).
2021-11-09,"Sabine Pass Liquefaction, LLC (""SPL"")","SWN Energy Services Company, LLC",NAESB Base Contract + 3 TCs,2013-11-01,,,"Varies; TCs: 2018-11-30, 2019-08-08, 2019-08-27",,,Varies,Standard Yes,Sabine Pass,"10-85-LNG, ..., 19-125-LNG","2833, ..., 4520",Notification of assignment of 3 Indigo Minerals LLC TCs to SWN Energy Services. Original TCs filed 2018-12-17 and 2019-09-09.
2025-01-31,"Osaka Gas Trading & Export LLC (""OGTX"")",ConocoPhillips Company,NAESB Base Contract + Special Provisions + TC,2017-04-01,2024-10-21,,,Redacted; Base SP 2017-04-26,,Redacted,Redacted,Freeport LNG,Not specified,"3282-C, 3357-B","TC effective upon OGTX notice re: Enterprise Texas Pipeline CSD, notice given 2025-01-10."
2025-01-31,"Osaka Gas Trading & Export LLC (""OGTX"")",Enterprise Products Operating LLC,NAESB Base Contract + Special Provisions + TC,2024-05-20,2024-09-26,,,Redacted; Base SP 2024-05-20,,Redacted,Redacted,Freeport LNG,Not specified,"3282-C, 3357-B","TC effective upon OGTX notice re: Enterprise Texas Pipeline CSD, notice given 2025-01-10."
2024-09-23,"LNG Americas, Inc.","Wells Fargo Commodities, LLC (""WFC"")",NAESB Base Contract + A&R TC,2023-07-25,2024-09-12,,,As per orig. TC; A&R TC date,,As per orig. TC,Standard Yes,Freeport LNG,Not listed in letter,"3282-C, 3357-B, 3957, 4961",Amends & Restates TC dated 2023-09-20. Original TC referenced an unexecuted 2024-08-30 TC.
2020-03-03,"Corpus Christi Liquefaction, LLC (""CCL"")",Scona LLC,Gas Supply Agreement,N/A,2020-02-24,,,Not specified,,Not specified,Standard Yes,Corpus Christi,"12-97-LNG, 12-99-LNG","3164, 3164-A, 3638","No summary page found for this, only the letter. Details might be in a later summary."
2022-02-17,"Sabine Pass Liquefaction, LLC (""SPL"")","SWN Energy Services Company, LLC",Gas Supply Agreement,N/A,2020-01-13,,,As per orig. GSA; Orig. GSA w/ GEP,,As per orig. GSA,Standard Yes,Sabine Pass,"10-85-LNG, ..., 19-125-LNG","2833, ..., 4520",Notification of assignment of GEP Haynesville GSA to SWN Energy Services.
2020-01-03,"Corpus Christi Liquefaction, LLC (""CCL"")","Chevron U.S.A. Inc (""Chevron"")","NAESB Base Contract, Confirmation & Assignment",2018-05-21,2020-01-01,,years,As per orig. Apache contract,,As per orig. Apache contract; Assignment from Apache's 2017-11-06 TC,Standard Yes,Corpus Christi,"12-97-LNG, 12-99-LNG","3164, 3164-A, 3638",Assignment of Apache's 2017-11-06 Confirmation to Chevron. Confirmation now governed by CCL's Base Contract with Chevron.
2019-10-22,MC Global Gas Corporation,BP Energy Company,NAESB Base + Special Provisions + TC,2017-12-04,2019-10-10,,,Not specified,,Not specified,Not specified,Freeport LNG,"11-145-LNG, 11-162-LNG, 14-204-LNG, 15-67-LNG","3059-A, 3391-A, 3620, 3797",(Exhibit C page from a larger filing - two summaries for BP)
2019-08-29,MC Global Gas Corporation,"CIMA Energy, LP",NAESB Base Contract + TC + Asset Mgmt Agmt,2019-04-24,2019-08-14,,,Not specified; AMA: 2019-04-24,,Not specified,Not specified,Freeport LNG,"11-145-LNG, 11-162-LNG, 14-204-LNG, 15-67-LNG","3059-A, 3391-A, 3620, 3797",
2019-06-27,MC Global Gas Corporation,"SWN Energy Services Company, LLC",NAESB Base + Special Provisions + TC,2019-06-01,2019-06-01,,,Not specified,,Not specified,Not specified,Freeport LNG,"11-145-LNG, 11-162-LNG, 14-204-LNG, 15-67-LNG","3059-A, 3391-A, 3620, 3797",
2019-06-00,"Corpus Christi Liquefaction Stage III, LLC",Apache Corporation,Gas Supply Agreement,N/A,2019-05-29,,,"Not specified; Contract date May 29, 2019",,Not specified,Standard Yes,CCL Stage III,18-78-LNG,4277,Letter date unclear. Details from later revised summary used.
2019-07-02,MC Global Gas Corporation,BP Energy Company,NAESB Base + Special Provisions + TC,2017-12-04,2019-05-21,,,Not specified,,Not specified,Not specified,Freeport LNG,"11-145-LNG, 11-162-LNG, 14-204-LNG, 15-67-LNG","3059-A, 3391-A, 3620, 3797",(Exhibit C page from a larger filing - two summaries for BP)
2019-05-21,"Sabine Pass Liquefaction, LLC (""SPL"")","Range Resources – Appalachia, LLC",NAESB Base Contract + TC,2013-12-01,2019-05-16,,,Not specified,,Not specified,Not specified,Sabine Pass,"10-85-LNG, ..., 15-63-LNG","2833, ..., 3792, ...3669-B",Summary for Range Resources contract.
2019-05-13,"Venture Global Calcasieu Pass, LLC",Indigo Minerals LLC,NAESB Base Contract + TC,2019-04-18,2019-04-18,,,Not specified,,Not specified,Not specified,Calcasieu Pass,"13-69-LNG, 14-88-LNG, 15-25-LNG","4346, 3345, 3520, 3662",
2019-04-24,"Sabine Pass Liquefaction, LLC (""SPL"")","EAP Ohio, LLC",NAESB Base Contract + TC,2019-03-12,2019-03-28,,,Not specified,,Not specified,Not specified,Sabine Pass,"10-85-LNG, ..., 15-63-LNG","2833, ..., 3792, ...3669-B",Summary for EAP Ohio contract.
2019-04-22,"Corpus Christi Liquefaction, LLC (""CCL"")","Twin Eagle Resource Management, LLC",NAESB Base Contract,2017-08-21,2019-03-22,,,As per orig. TC; Assignment eff. date,,As per orig. TC,Standard Yes,Corpus Christi,"12-97-LNG, 12-99-LNG","3164, 3164-A, 3638","Assignment of Chief Oil & Gas TC (dated 2017-06-06, under Base Contract 2016-06-01) to Twin Eagle. Confirmation now under Twin Eagle NAESB."
2018-12-17,"Sabine Pass Liquefaction, LLC (""SPL"")",Indigo Minerals LLC,NAESB Base Contract + TC,2017-03-01,2018-11-30,,,Not specified,,Not specified,Not specified,Sabine Pass,"10-85-LNG, ..., 15-63-LNG","2833, ..., 3792, ...3669-B",Later assigned to SWN Energy Services.
2018-10-08,"Sabine Pass Liquefaction, LLC (""SPL"")","Wells Fargo Commodities, LLC",NAESB Base Contract + TC,2016-04-14,2018-08-17,,,Not specified,,Not specified,Not specified,Sabine Pass,"10-85-LNG, ..., 15-63-LNG","2833, ..., 3792, ...3669-B",Summary for WFC contract.
2018-10-08,"Corpus Christi Liquefaction, LLC (""CCL"")","Wells Fargo Commodities, LLC",NAESB Base Contract + TC,2017-03-27,2018-08-17,,,Not specified,,Not specified,Not specified,Corpus Christi,"12-97-LNG, 12-99-LNG","3164, 3164-A, 3638",Summary for WFC contract.
2018-08-27,"Osaka Gas Trading & Export, LLC",Gulfport Energy Corporation,First Amendment to Contract,N/A,2018-07-31,,,As per orig.,,As per orig.,As per orig.,Freeport LNG,Not specified,"3282-C, 3357-B",Amends 2015-04-01 contract.
2018-07-30,"Corpus Christi Liquefaction, LLC (""CCL"")","Pioneer Natural Resources USA, Inc.",NAESB Base Contract + TC#1 & TC#2,2015-06-01,2018-05-22,,,Not in letter; TC#1: 2017-11-10,,Not in letter,Standard Yes,Corpus Christi,"12-97-LNG, 12-99-LNG","3638, 3164, 3164-A",Filing for TC#2. TC#1 previously filed 2018-03-23. Details from later revised summaries used.
2018-06-04,"Sabine Pass Liquefaction, LLC (""SPL"")",Eclipse Resources Corporation,NAESB Base Contract (Novation),2017-12-20,2018-03-23,,,As per orig. TC; Novation Agmt date,,As per orig. TC,Standard Yes,Sabine Pass,"10-85-LNG, ..., 15-63-LNG","2833, ..., 3792, ...3669-B","Novation of contract from Eclipse Resources Marketing, LP. Original TC was 2017-05-24. Later Montage, then SWN."
2018-03-23,"Corpus Christi Liquefaction, LLC (""CCL"")","Pioneer Natural Resources USA, Inc.",NAESB Base Contract + TC,2015-06-01,2017-11-10,,,Not in letter,,Not in letter,Standard Yes,Corpus Christi,"12-97-LNG, 12-99-LNG","3638, 3164, 3164-A",From Appendix A of Orrick letter (TC#1). Details from later revised summary used.
2018-03-23,"Corpus Christi Liquefaction, LLC (""CCL"")",Apache Corporation,NAESB Base Contract + 2 TCs,2016-12-07,2017-11-06,,,Not in letter; Two TCs with same date,,Not in letter,Standard Yes,Corpus Christi,"12-97-LNG, 12-99-LNG","3638, 3164, 3164-A",From Appendix A of Orrick letter. Details from later revised summaries used. Apache assigned one TC to Chevron.
2018-03-23,"Corpus Christi Liquefaction, LLC (""CCL"")",Targa Gas Marketing LLC,NAESB Base Contract + TC,2016-05-01,2017-10-23,,,Not in letter,,Not in letter,Standard Yes,Corpus Christi,"12-97-LNG, 12-99-LNG","3638, 3164, 3164-A",From Appendix A of Orrick letter. Details from later revised summary used.
2018-03-23,"Corpus Christi Liquefaction, LLC (""CCL"")","Houston Pipe Line Company LP (""HPL"")",NAESB Base Contract + TC,2015-04-01,2017-10-11,,,Not in letter,,Not in letter,Standard Yes,Corpus Christi,"12-97-LNG, 12-99-LNG","3638, 3164, 3164-A",From Appendix A of Orrick letter. Details from later revised summary used.
2018-03-23,"Sabine Pass Liquefaction, LLC (""SPL"")","Houston Pipe Line Company LP (""HPL"")",NAESB Base Contract + TC,2015-04-01,2017-10-11,,,Not in letter,,Not in letter,Standard Yes,Sabine Pass,"10-85-LNG, 10-111-LNG, ..., 15-63-LNG","2833, 2961-A, ..., 3792, ... 3669-B",From Appendix A of Orrick letter.
2018-03-23,"Sabine Pass Liquefaction, LLC (""SPL"")",Vitol Inc.,NAESB Base Contract + TC,2016-08-15,2017-09-26,,,Not in letter,,Not in letter,Standard Yes,Sabine Pass,"10-85-LNG, 10-111-LNG, ..., 15-63-LNG","2833, 2961-A, ..., 3792, ... 3669-B",From Appendix A of Orrick letter.
2018-03-23,"Corpus Christi Liquefaction, LLC (""CCL"")","Shell Energy North America (US), L.P.",NAESB Base Contract + TC,2017-05-18,2017-07-12,,,Not in letter,,Not in letter,Standard Yes,Corpus Christi,"12-97-LNG, 12-99-LNG","3638, 3164, 3164-A",From Appendix A of Orrick letter. Details from later revised summary used.
2018-03-23,"Sabine Pass Liquefaction, LLC (""SPL"")","DTE Energy Trading, Inc.",NAESB Base Contract + TC,2014-05-15,2017-05-31,,,Not in letter,,Not in letter,Standard Yes,Sabine Pass,"10-85-LNG, 10-111-LNG, ..., 15-63-LNG","2833, 2961-A, ..., 3792, ... 3669-B",From Appendix A of Orrick letter. Details from later revised summary used.
2018-03-23,"Corpus Christi Liquefaction, LLC (""CCL"")","Wells Fargo Commodities, LLC",NAESB Base Contract + TC,2017-03-27,2017-05-30,,,Not in letter,,Not in letter,Standard Yes,Corpus Christi,"12-97-LNG, 12-99-LNG","3638, 3164, 3164-A",From Appendix A of Orrick letter. Details from later revised summary used.
2020-12-03,"Sabine Pass Liquefaction, LLC (""SPL"")","SWN Energy Services Company, LLC",NAESB Base Contract + TC,2013-11-01,2017-05-24,,,As per orig. TC; Assignment eff. 2020-12-01; Orig TC w/ Eclipse,,As per orig. TC,Standard Yes,Sabine Pass,"10-85-LNG, ..., 19-125-LNG","2833, ..., 4520",Assignment of Montage (f/k/a Eclipse) contract to SWN Energy Services. Base contract between SPL & Montage was 2017-12-20.
2018-03-23,"Sabine Pass Liquefaction, LLC (""SPL"")","Eclipse Resources Marketing, LP (assigned from Eclipse Resources I, LP)",NAESB Base Contract + TC,2014-05-01,2017-05-24,,,Not in letter; Assignment 2015-03-03,,Not in letter,Standard Yes,Sabine Pass,"10-85-LNG, 10-111-LNG, ..., 15-63-LNG","2833, 2961-A, ..., 3792, ... 3669-B","From Appendix A of Orrick letter. Later novated to Eclipse Resources Corp, then Montage, then SWN."
2018-03-23,"Sabine Pass Liquefaction, LLC (""SPL"")",BP Energy Company,NAESB Base Contract + 2 TCs,2014-11-01,2017-05-24,,,"Not in letter; TC1: 2017-05-24, TC2: 2017-09-28",,Not in letter,Standard Yes,Sabine Pass,"10-85-LNG, 10-111-LNG, ..., 15-63-LNG","2833, 2961-A, ..., 3792, ... 3669-B",From Appendix A of Orrick letter. Details from later revised summaries used.
2018-03-23,"Corpus Christi Liquefaction, LLC (""CCL"")",Cimarex Energy Co.,NAESB Base Contract + TC,2015-06-01,2017-04-18,,,Not in letter,,Not in letter,Standard Yes,Corpus Christi,"12-97-LNG, 12-99-LNG","3638, 3164, 3164-A",From Appendix A of Orrick letter (one of 8 sellers listed). Details from later revised summary used.
2015-04-07,"Osaka Gas Trading & Export, LLC",Gulfport Energy Corporation,Contract for Sale and Purchase of Natural Gas,N/A,2015-04-01,,,Special Provisions,,Special Provisions,Special Provisions,Freeport LNG,Not specified,"3282-C, 3357-B",Special Provisions document included. Later amended.
2018-03-23,"Sabine Pass Liquefaction, LLC (""SPL"")","SWN Energy Services Company, LLC (f/k/a Southwestern Energy Services Company)",NAESB Base Contract + 3 TCs,2013-11-01,2014-06-17,,,Varies per TC,,Varies per TC,Standard Yes,Sabine Pass,"10-85-LNG, 10-111-LNG, 13-30-LNG, 13-42-LNG, 13-121-LNG, 14-92-LNG, 15-63-LNG","2833, 2961-A, 3306, 3307, 3384, 3595, 3669, 3792, 3306-A, 3307-A, 3384-A & 3669-B","From Appendix A of Orrick letter. TC dates: TC1: 2014-06-17, TC2: 2014-06-17, TC3: 2017-10-09"
2014-07-16,"Sabine Pass Liquefaction, LLC (""SPL"")","SWN Energy Services Company, LLC (f/k/a Southwestern Energy Services Company)",NAESB Base Contract + 3 TCs,2013-11-01,2014-06-17,,,"Varies; TC1, TC2, TC3 all dated 2014-06-17",,Varies,Standard Yes,Sabine Pass,"10-85-LNG, 10-111-LNG","2833, 2961-A",Filing of TCs for SWN. One TC #65404. Later filings provide more details on these.
2014-04-30,"Sabine Pass Liquefaction, LLC (""SPL"")","EQT Energy, LLC",NAESB Base Contract + TC #65185,2013-12-30,2014-04-15,7,years,Amended 2014-01-16. Term begins after 4 conditions met.,,Fixed quantity (not specified),No,Sabine Pass,"10-85-LNG, 10-111-LNG","2833, 2961-A",
2018-03-23,"Sabine Pass Liquefaction, LLC (""SPL"")",Mercuria Energy Gas Trading LLC (assigned from J.P. Morgan Ventures Energy Corp),NAESB Base Contract + TC,2015-04-01,2013-07-19,,,Not in letter; JPM Base: 2012-06-07; TC assigned 2015-09-22,,Not in letter,Standard Yes,Sabine Pass,"10-85-LNG, 10-111-LNG, ..., 15-63-LNG","2833, 2961-A, ..., 3792, ... 3669-B",From Appendix A of Orrick letter.
2020-12-03,"Corpus Christi Liquefaction, LLC (""CCL"")",Apache Corporation,NAESB Base Contract + Amended TC,2016-12-07,,,As per orig.,,,Reduced from orig. by amount assigned to KMTP. Assignment eff. 2020-11-11,Standard Yes,Corpus Christi,"12-97-LNG, 12-99-LNG, 19-124-LNG","3164, 3164-A, 3638, 4519",Partial assignment of 2017-11-06 Confirmation from Apache to KMTP. This is the Apache portion. Amended TC date not specified.
2020-12-03,"Corpus Christi Liquefaction, LLC (""CCL"")","Kinder Morgan Tejas Pipeline, LLC (KMTP)",NAESB Base Contract + New TC,2020-06-01,,,As per orig.,,,Amount assigned from Apache. Assignment eff. 2020-11-11,Standard Yes,Corpus Christi,"12-97-LNG, 12-99-LNG, 19-124-LNG","3164, 3164-A, 3638, 4519",Partial assignment of Apache's 2017-11-06 Confirmation to KMTP. This is the KMTP portion. New TC date not specified.
2020-08-18,"Sabine Pass Liquefaction, LLC (""SPL"")",MU Marketing LLC,NAESB Base Contract + 5 TCs,2014-02-01,,,"Varies; Orig. w/ Antero. TCs: Four 2014-06-17, One 2018-05-29. Assignment eff. 2020-07-21",,,Varies,Standard Yes,Sabine Pass,"10-85-LNG, ..., 19-125-LNG","2833, ..., 4520",Notification of assignment of Antero contracts to MU Marketing LLC.